user_id,market_id,week_start,sessions,orders,avg_ln_effective_price,avg_eta_minutes,avg_stockout_rate,orders_next4w,sessions_next4w,active_next4w
U000000,MKT_D,2025-01-06,1,0,3.5176868989504557,29.2491097003687,0.1235786996103439,,,0.0
U000000,MKT_G,2025-03-24,1,0,3.6553329251870816,32.78411945582908,0.1936251319752556,,,0.0
U000001,MKT_C,2025-01-06,1,0,3.60186053302472,27.835350426511056,0.1371171656217587,,,0.0
U000001,MKT_G,2025-02-03,1,0,3.8283856160772287,29.422462321961376,0.3347894127106814,,,0.0
U000001,MKT_C,2025-03-10,1,0,3.324705265811098,30.743592275792903,0.2709833922042546,,,0.0
U000002,MKT_D,2025-01-27,1,0,4.0236674623417965,21.41729047937272,0.0737341355452205,0.0,4.0,0.0
U000002,MKT_E,2025-01-27,1,0,3.987841813818587,43.39711879505929,0.068642886492891,,,0.0
U000002,MKT_A,2025-02-03,1,0,4.125004802761482,39.81361563907603,0.4342820607496267,,,0.0
U000002,MKT_B,2025-02-03,1,0,3.852830476456158,22.40088412410285,0.2890455375457992,,,0.0
U000002,MKT_D,2025-03-17,1,0,4.0933924585501655,40.148160743856295,0.2118840771082302,,,0.0
U000003,MKT_B,2024-12-30,1,0,3.807192563499832,36.21899080124675,0.0228129704325356,,,0.0
U000003,MKT_H,2025-01-20,1,0,3.945244558748663,30.386890745025323,0.3999089502238092,,,0.0
U000003,MKT_F,2025-03-24,1,0,3.760849709733126,24.85480542569543,0.2888543958201437,,,0.0
U000004,MKT_H,2024-12-30,1,0,3.750298712793805,41.99507145616239,0.201535228979744,,,0.0
U000004,MKT_B,2025-01-20,1,0,3.963986725461417,25.923547113167132,0.0696979538438344,,,0.0
U000004,MKT_E,2025-01-20,1,1,3.604190708937436,28.3092146483014,0.3328520560783727,,,0.0
U000006,MKT_E,2025-01-06,1,0,3.853434010041601,13.546724890949754,0.1481786608228819,,,0.0
U000006,MKT_G,2025-01-13,1,0,4.217060819668541,8.0,0.1528368360247406,,,0.0
U000007,MKT_F,2025-02-17,1,0,3.874774152112137,51.03864055109187,0.3326566108750778,,,0.0
U000007,MKT_D,2025-02-24,1,0,4.157813479744065,30.40163982748245,0.4783639413711312,,,0.0
U000008,MKT_B,2025-01-13,1,0,3.7725018944168314,31.245142505852,0.2043291103378272,0.0,4.0,0.0
U000008,MKT_B,2025-01-27,1,0,3.873121290691218,29.592686323715032,0.3393405496901733,,,0.0
U000008,MKT_B,2025-02-24,1,0,4.082668715894071,21.596260254774773,0.1500147996474757,,,0.0
U000008,MKT_C,2025-02-24,1,0,4.251319814039969,32.334377601434966,0.2431393998962136,,,0.0
U000008,MKT_D,2025-03-03,1,0,3.66881713176934,25.263212146812947,0.4284997180197528,,,0.0
U000009,MKT_F,2025-01-13,1,0,4.025960585888395,28.917365806103597,0.0951043093151656,,,0.0
U000009,MKT_E,2025-01-20,1,0,4.016356097101569,35.144930843352995,0.172958982347315,,,0.0
U000009,MKT_H,2025-01-20,1,0,3.7099232311109582,31.06119404366214,0.1840093730849424,,,0.0
U000009,MKT_H,2025-03-03,1,0,4.123310176655384,33.335577780136624,0.0412854463954642,,,0.0
U000010,MKT_F,2024-12-30,1,0,4.001060472542038,42.64164657553739,0.1990531445326602,0.0,4.0,0.0
U000010,MKT_C,2025-01-06,1,0,3.4307201450067257,36.71951681882553,0.1804544666295,,,0.0
U000010,MKT_F,2025-01-06,1,0,3.8610858764528584,19.309385213627145,0.441089732577925,,,0.0
U000010,MKT_E,2025-01-20,1,0,4.2013119460967765,37.455745215837325,0.1787010976386315,,,0.0
U000010,MKT_G,2025-03-17,1,0,3.507942087249016,32.27112084081155,0.1410791512159441,,,0.0
U000011,MKT_F,2025-01-13,1,0,3.914286490109351,33.40233923780456,0.2667096802666304,0.0,4.0,0.0
U000011,MKT_A,2025-02-24,1,0,3.7147094802019183,43.54594406114897,0.1506187869331807,,,0.0
U000011,MKT_B,2025-03-10,1,0,3.949821470802843,34.07487670380701,0.2194292572046989,,,0.0
U000011,MKT_D,2025-03-17,1,0,3.011451051905517,34.135886584227066,0.183143519178785,,,0.0
U000011,MKT_B,2025-03-24,1,0,3.8938720495312857,41.66807912715171,0.3911263577936147,,,0.0
U000012,MKT_B,2025-01-13,1,0,3.901704652763336,34.88598456810401,0.3172764584546638,,,0.0
U000012,MKT_B,2025-02-03,1,0,3.7876420005033897,22.976379619116287,0.2038820304103162,,,0.0
U000012,MKT_B,2025-02-10,1,0,3.9683527969747936,39.91786280117435,0.4596887529366755,,,0.0
U000012,MKT_E,2025-03-03,1,0,3.506451289556767,22.617978191662857,0.2024239167707794,,,0.0
U000013,MKT_H,2024-12-30,1,0,4.001735299799555,23.596005990744032,0.3622464005011825,,,0.0
U000013,MKT_B,2025-01-06,1,0,3.736052380279476,32.99569413622365,0.1394791524874564,,,0.0
U000013,MKT_E,2025-01-27,1,0,3.852632397890984,44.4353455458815,0.0806462886632424,,,0.0
U000013,MKT_D,2025-02-17,1,0,3.9069214973196194,32.707099999068376,0.3454085070273537,,,0.0
U000014,MKT_H,2025-01-13,1,0,4.101149358080406,32.1466843861384,0.2153470443622558,,,0.0
U000014,MKT_E,2025-01-20,1,0,3.876664937610087,15.662807042513505,0.3219789772262844,,,0.0
U000014,MKT_D,2025-02-03,1,0,3.899004292902985,30.22184147537022,0.2477944143064849,,,0.0
U000014,MKT_C,2025-02-17,1,0,3.79065488894812,22.755785024699374,0.2090327648772684,,,0.0
U000015,MKT_D,2025-01-06,2,0,4.056948289179542,31.472811884616817,0.18728410396376893,0.0,4.0,0.0
U000015,MKT_F,2025-01-06,1,0,3.7966761825627047,23.0330300846935,0.1691740959854804,0.0,4.0,0.0
U000015,MKT_A,2025-03-03,1,0,4.263739233167978,38.350553639035006,0.1151774336919728,,,0.0
U000015,MKT_D,2025-03-03,1,0,3.6699478429347088,38.73041932944861,0.3849872743291607,,,0.0
U000015,MKT_D,2025-03-24,1,0,3.8698671759920193,40.721703099133336,0.32626816231821,,,0.0
U000015,MKT_G,2025-03-24,1,0,4.167685170494131,26.82529022958921,0.3178747730438707,,,0.0
U000016,MKT_G,2025-01-13,1,0,3.723160512284277,28.6068327535442,0.3080626605340203,,,0.0
U000016,MKT_C,2025-01-27,1,0,3.812498047699282,21.92541757454745,0.1049830383342462,,,0.0
U000016,MKT_A,2025-03-24,1,0,4.324498774205796,31.03150490951941,0.6373288109436961,,,0.0
U000016,MKT_F,2025-03-24,1,0,4.007160407031175,42.9812680026096,0.2668796578508141,,,0.0
U000017,MKT_A,2025-01-06,1,0,3.823976079897524,31.645019849902468,0.385790920682343,,,0.0
U000017,MKT_G,2025-01-06,1,0,3.973328556183199,37.17200063904147,0.1978698513923414,,,0.0
U000017,MKT_D,2025-02-10,1,0,3.6648142150273793,25.60576198848848,0.3836699892923282,,,0.0
U000017,MKT_C,2025-03-24,1,0,3.646448742654876,37.43410168379915,0.1765489367068616,,,0.0
U000018,MKT_F,2025-01-13,1,0,4.089963369365202,29.37167595410179,0.388506859019468,,,0.0
U000018,MKT_A,2025-02-03,1,0,3.840406651398105,23.827115022928755,0.1666196792468865,,,0.0
U000018,MKT_B,2025-03-03,1,0,4.083935042322831,25.27403619745889,0.1657724923072639,,,0.0
U000019,MKT_D,2025-01-20,1,0,4.034491518144943,20.828130386195376,0.1969149823532748,,,0.0
U000019,MKT_D,2025-01-27,1,0,4.052810508256528,38.194428283801095,0.2303588638032995,,,0.0
U000019,MKT_D,2025-03-03,1,0,4.133975340261328,36.81257700731195,0.1845619587906508,,,0.0
U000019,MKT_F,2025-03-10,1,0,3.727135228857837,35.11015081219519,0.1703787845579047,,,0.0
U000020,MKT_F,2025-01-06,1,0,3.973155537392276,8.0,0.2454039939269487,1.0,4.0,1.0
U000020,MKT_C,2025-01-27,1,0,3.8226405445343743,34.00897035684163,0.2086618525106826,1.0,4.0,1.0
U000020,MKT_F,2025-02-17,1,1,4.063191078827996,33.820296537710654,0.5521041546700226,,,0.0
U000020,MKT_D,2025-03-03,1,0,3.5463587452121113,32.55897134331045,0.4187273785097184,,,0.0
U000020,MKT_E,2025-03-10,1,0,3.6500520091446407,32.68582684849738,0.1515386252642296,,,0.0
U000020,MKT_F,2025-03-24,1,0,3.380736453983081,46.85965357562363,0.2077073431553741,,,0.0
U000021,MKT_A,2025-02-03,1,0,4.05422931222477,37.32210594724156,0.1422265594568159,,,0.0
U000021,MKT_B,2025-03-10,1,0,3.923843477161974,35.9583871681208,0.3181988635809354,,,0.0
U000022,MKT_A,2025-01-06,1,0,4.194257752521221,36.40905977224176,0.0474215515350333,,,0.0
U000022,MKT_F,2025-01-27,1,0,4.012122838283912,26.417818988442907,0.0615750732326256,,,0.0
U000022,MKT_G,2025-02-17,1,1,4.281486777611033,23.42003565351587,0.1373360903700918,,,0.0
U000022,MKT_A,2025-02-24,1,0,4.016883797827475,44.24759214313516,0.076058067167966,,,0.0
U000023,MKT_G,2025-02-03,1,0,3.527554085972895,35.12069508029097,0.148893153723917,,,0.0
U000023,MKT_E,2025-03-17,1,0,4.28126089720061,35.25051179044964,0.285588942607432,,,0.0
U000023,MKT_D,2025-03-24,1,0,3.3735498057612965,33.71344184029063,0.2270339552891011,,,0.0
U000024,MKT_G,2025-01-06,1,0,4.036384006458756,25.469062921895997,0.2008365275625338,,,0.0
U000024,MKT_C,2025-01-13,1,0,3.8655009977309818,29.44456957198673,0.2270188761299799,,,0.0
U000024,MKT_D,2025-01-20,2,0,3.7938669163858734,36.990882654154106,0.25692016188994676,,,0.0
U000024,MKT_F,2025-02-03,1,0,4.07336006741458,19.384415980578552,0.302200586778011,,,0.0
U000025,MKT_E,2024-12-30,1,0,3.8617409716073094,32.95699984895302,0.404296460442284,,,0.0
U000025,MKT_A,2025-02-17,1,0,3.4321886686563743,34.8508725068696,0.0902075395200544,,,0.0
U000025,MKT_F,2025-03-17,1,0,4.237414909335847,24.833392508797747,0.1003263739467782,,,0.0
U000025,MKT_G,2025-03-24,1,0,3.343994086051618,43.412382699012824,0.406473502276078,,,0.0
U000026,MKT_B,2024-12-30,1,0,3.763373445875117,25.32885493412035,0.168438175021627,0.0,4.0,0.0
U000026,MKT_D,2024-12-30,1,0,3.306835487531019,34.91399032516732,0.1622319285803867,0.0,4.0,0.0
U000026,MKT_G,2025-01-06,1,0,3.9349959286090983,31.257131673472745,0.4053772617039027,0.0,4.0,0.0
U000026,MKT_C,2025-01-20,1,0,3.567677644948147,34.471182589341915,0.3984401054374791,,,0.0
U000026,MKT_F,2025-01-27,1,0,3.632788571585804,36.38413997870936,0.3182873952917323,,,0.0
U000026,MKT_G,2025-01-27,1,0,4.030580091853462,44.02038237111531,0.1969432148814995,,,0.0
U000026,MKT_A,2025-03-24,1,0,4.019431560381387,29.34821493278365,0.2009093310700427,,,0.0
U000027,MKT_C,2024-12-30,1,0,3.501183090091774,17.047772318590862,0.1999252357700257,,,0.0
U000027,MKT_H,2025-01-13,1,0,3.9405208258214217,46.85323753951671,0.2695626632178888,,,0.0
U000027,MKT_A,2025-02-03,1,0,3.3296866450639233,31.029646672400617,0.4381006438271803,,,0.0
U000027,MKT_H,2025-02-24,1,0,3.919310816657456,35.65650576779337,0.1129213382324346,,,0.0
U000028,MKT_D,2024-12-30,1,0,4.038479433998599,34.44651369941472,0.1084604994222645,0.0,4.0,0.0
U000028,MKT_C,2025-02-17,1,0,4.0951856731827,34.09839798778229,0.1186331613090193,,,0.0
U000028,MKT_D,2025-02-17,1,0,3.9229208923758887,38.98275472516559,0.2302714926631288,,,0.0
U000028,MKT_D,2025-03-03,1,0,3.8062178844748344,49.972614939240536,0.0958030721371912,,,0.0
U000028,MKT_F,2025-03-17,1,0,4.113727598841598,32.68470025853776,0.1377732855737796,,,0.0
U000029,MKT_H,2025-01-06,1,0,3.7221030241466457,38.43611800290208,0.0385098537094141,,,0.0
U000029,MKT_G,2025-02-03,1,0,3.5076032849670367,36.23946731762431,0.1969958422327086,,,0.0
U000029,MKT_B,2025-03-31,1,0,3.7089210706068494,28.686382897922613,0.0838035912691801,,,0.0
U000030,MKT_C,2024-12-30,1,0,3.455600810241891,24.61639175976969,0.2291846570928274,,,0.0
U000030,MKT_E,2025-03-10,1,0,3.950897341464338,36.809736162848296,0.0793150193388757,,,0.0
U000031,MKT_H,2025-01-20,1,0,3.953176808950494,35.02500868209477,0.097296756896689,,,0.0
U000031,MKT_G,2025-03-03,1,0,3.966404789375516,16.858114445041217,0.0728873484701851,,,0.0
U000031,MKT_H,2025-03-03,1,0,3.964998020959019,27.215722179862716,0.1589391304846857,,,0.0
U000032,MKT_A,2025-01-13,1,0,3.86362617008786,17.626807437270195,0.1443031388915915,,,0.0
U000032,MKT_C,2025-03-03,1,0,3.9187552745258305,42.24942109229917,0.3991316735827432,,,0.0
U000033,MKT_H,2025-02-24,1,0,3.762716081192047,30.637418831305737,0.1422345104981727,,,0.0
U000033,MKT_G,2025-03-24,1,0,3.890330553480832,40.99407261372871,0.3673707403606068,,,0.0
U000034,MKT_B,2025-02-03,1,0,3.7523782171056945,31.30713015491664,0.0757202384481111,,,0.0
U000034,MKT_C,2025-02-17,1,0,3.930930506484043,45.27247990874926,0.2991074924330765,,,0.0
U000034,MKT_G,2025-02-17,1,0,3.742569525290561,36.22796104575332,0.1780148994763677,,,0.0
U000034,MKT_G,2025-03-03,1,0,3.8022029627348775,24.950328275170193,0.1871953329826311,,,0.0
U000035,MKT_F,2025-01-13,1,0,3.3540599590356504,33.81829808177241,0.3729127319187458,0.0,4.0,0.0
U000035,MKT_C,2025-02-03,1,0,3.9216882596181817,38.28164317882066,0.1800659645910151,0.0,4.0,0.0
U000035,MKT_E,2025-02-03,1,0,4.3940121295593855,31.58720645228631,0.24780083549156,,,0.0
U000035,MKT_C,2025-02-10,1,0,3.982012024322102,35.869072027530564,0.0730659715679767,,,0.0
U000035,MKT_C,2025-02-24,1,0,3.7109974365627663,37.349282193139025,0.2517297767924859,,,0.0
U000035,MKT_B,2025-03-17,1,0,4.1276511755143925,31.82369394729352,0.1443617372430381,,,0.0
U000036,MKT_C,2025-01-06,1,0,3.8614112943999257,46.246617459330295,0.1181101961132612,,,0.0
U000036,MKT_E,2025-01-20,1,0,3.896277084452211,26.13022743214205,0.1727762452164477,,,0.0
U000036,MKT_E,2025-02-10,1,0,4.0965915840727085,38.35747188735836,0.1611135182348892,,,0.0
U000037,MKT_B,2025-01-13,1,1,3.908534638962716,32.18089094633751,0.0934713666432375,0.0,4.0,0.0
U000037,MKT_D,2025-01-20,1,0,3.777856233937831,36.78127678055352,0.5196316181572167,,,0.0
U000037,MKT_D,2025-02-24,1,0,3.8509088536731184,28.301503908044214,0.3070863252085899,,,0.0
U000037,MKT_H,2025-03-03,1,0,4.130257853089855,37.31898871327266,0.0887288425978781,,,0.0
U000037,MKT_E,2025-03-10,1,0,4.230882432744846,27.68707183898097,0.1152876690959508,,,0.0
U000038,MKT_H,2025-02-03,1,0,3.816797094893762,31.37608239689581,0.2045851101882932,0.0,5.0,0.0
U000038,MKT_C,2025-02-10,1,0,3.800754563835692,28.71786236475645,0.1957784328511305,,,0.0
U000038,MKT_E,2025-02-17,1,0,4.022541724960595,20.488614558208734,0.1429986477590713,,,0.0
U000038,MKT_A,2025-03-10,2,0,3.5988187989131637,23.732655511249785,0.32707869832662445,,,0.0
U000038,MKT_B,2025-03-10,1,0,4.121178132401382,26.984380721946696,0.1911101835639348,,,0.0
U000039,MKT_G,2025-01-27,1,0,4.1408957698277336,41.59134856517378,0.1713769999971498,,,0.0
U000039,MKT_F,2025-02-10,1,0,3.947768047888348,49.35641556063653,0.5058712480042347,,,0.0
U000040,MKT_D,2025-01-27,1,0,3.951125725098814,26.920769588472194,0.1235103657976168,0.0,5.0,0.0
U000040,MKT_E,2025-01-27,1,0,3.794295112100704,41.0522962734715,0.0841250774179847,0.0,5.0,0.0
U000040,MKT_A,2025-02-03,2,0,3.740791188749653,42.52442689622265,0.30210812975872303,0.0,4.0,0.0
U000040,MKT_F,2025-02-10,1,0,3.9608099951019056,35.986306465894515,0.1988054353376955,0.0,4.0,0.0
U000040,MKT_G,2025-02-10,1,0,3.9272510622266736,38.809304829859606,0.0242824753882933,0.0,5.0,0.0
U000040,MKT_E,2025-02-24,1,0,3.8431518854902222,32.297341097312234,0.047361590225355,0.0,5.0,0.0
U000040,MKT_E,2025-03-03,1,0,3.7725485154535594,42.871478563470426,0.4629743308788809,0.0,5.0,0.0
U000040,MKT_B,2025-03-10,1,0,3.683986227121968,25.263480682976336,0.1627443149438512,,,0.0
U000040,MKT_H,2025-03-10,2,0,4.142115565548677,39.137257544783466,0.26369830030894564,,,0.0
U000040,MKT_A,2025-03-24,1,0,4.15372681283394,16.398619374461056,0.2100057876951737,,,0.0
U000040,MKT_F,2025-03-24,1,0,3.6310004758629497,23.529224123903244,0.2725413710752598,,,0.0
U000041,MKT_F,2025-01-20,1,0,3.997255760735023,31.62594108753236,0.1395372366179222,,,0.0
U000041,MKT_D,2025-02-03,1,0,3.592871015454707,22.855748100587125,0.2393207225473171,,,0.0
U000041,MKT_H,2025-03-03,1,0,3.64561958284289,32.490604401199924,0.2353673557297974,,,0.0
U000042,MKT_F,2025-01-20,1,0,3.959817444037368,25.820847854261828,0.1524671233208606,,,0.0
U000042,MKT_C,2025-02-03,1,1,3.923098061009166,23.951524118283736,0.1388260974387731,,,0.0
U000042,MKT_C,2025-02-24,1,0,4.1067479273253875,45.59090824147614,0.2935199324755051,,,0.0
U000042,MKT_C,2025-03-17,1,0,3.483342106335668,36.37226689995669,0.0879037705739112,,,0.0
U000043,MKT_H,2025-01-06,1,0,3.8262169399914554,30.017610830800127,0.1269029026637604,0.0,4.0,0.0
U000043,MKT_B,2025-01-20,1,0,3.950381933408456,33.340794480574466,0.2628803120861984,0.0,4.0,0.0
U000043,MKT_E,2025-01-27,1,0,3.898759581700211,18.57383917712387,0.2114197512010579,,,0.0
U000043,MKT_G,2025-02-03,1,0,4.318249534701607,41.883648890482824,0.3397232815078727,,,0.0
U000043,MKT_F,2025-03-10,1,0,4.005559046323662,26.788192279971817,0.2267425520983194,,,0.0
U000043,MKT_D,2025-03-24,1,0,3.8499734174819737,22.648303556382963,0.1963103934361742,,,0.0
U000044,MKT_G,2025-01-06,1,0,3.820986700856073,31.282011929670375,0.1343575720725451,0.0,4.0,0.0
U000044,MKT_H,2025-01-20,1,0,3.572306669389582,23.305408369343784,0.1185755265053055,,,0.0
U000044,MKT_G,2025-02-03,1,0,3.973143857907408,38.54287708142532,0.0792795187898456,,,0.0
U000044,MKT_A,2025-03-03,1,0,3.5104901277729215,38.64357184604865,0.1598627421978338,,,0.0
U000044,MKT_H,2025-03-03,1,0,3.9213038508921017,34.042714029689186,0.1827916272146464,,,0.0
U000045,MKT_G,2025-01-06,1,0,3.737114674129384,20.04820735868496,0.5119338696445473,,,0.0
U000045,MKT_F,2025-02-03,2,0,3.838289030734297,35.10258677137021,0.1944396752290831,,,0.0
U000045,MKT_C,2025-02-24,1,0,3.990637910850241,32.71699025401623,0.4798088497118046,,,0.0
U000045,MKT_G,2025-03-17,1,0,4.088715980619487,45.237642101402635,0.0204740394978771,,,0.0
U000046,MKT_A,2025-01-06,1,0,3.4995592752205207,33.83515132426926,0.3184503326186213,0.0,4.0,0.0
U000046,MKT_G,2025-01-27,1,0,3.7374151195530914,37.85605993840328,0.3215387474126098,0.0,4.0,0.0
U000046,MKT_A,2025-02-17,1,0,3.9795875953211,29.920453911875605,0.4379042283498605,,,0.0
U000046,MKT_F,2025-02-24,1,0,3.749709194474219,46.27795433025588,0.3967073859971362,,,0.0
U000046,MKT_E,2025-03-17,1,0,4.230642213821038,33.37868930907398,0.204586788277186,,,0.0
U000046,MKT_D,2025-03-31,1,0,3.0743918308734783,39.27631727457346,0.1592768008361244,,,0.0
U000047,MKT_C,2025-01-13,1,0,3.502665767084155,39.59796971360608,0.2229222782095516,,,0.0
U000047,MKT_C,2025-03-24,1,0,3.8346887821627695,28.19298324254957,0.1794106890582391,,,0.0
U000048,MKT_C,2025-01-13,1,0,4.069945454175419,36.24528855558982,0.2030936312959315,0.0,4.0,0.0
U000048,MKT_H,2025-01-13,1,0,3.704514660349054,41.45514791144435,0.2107240327619396,0.0,4.0,0.0
U000048,MKT_F,2025-01-20,1,0,3.556384423581734,37.31965024035932,0.2401980599103021,0.0,4.0,0.0
U000048,MKT_H,2025-01-20,1,0,3.559348334980771,32.75267835571568,0.4804041159976591,0.0,4.0,0.0
U000048,MKT_E,2025-01-27,1,0,4.054531250693084,36.261458574717494,0.0892660015579348,0.0,4.0,0.0
U000048,MKT_E,2025-02-03,1,0,3.943162023681648,19.07968986438947,0.2928981421607918,,,0.0
U000048,MKT_G,2025-02-03,1,0,3.65405760182023,50.08520590129076,0.1061890469310679,,,0.0
U000048,MKT_B,2025-03-03,1,0,4.245271882590652,36.3424627381709,0.1010773124078256,,,0.0
U000048,MKT_G,2025-03-24,1,0,3.9133279820489126,33.90028021539213,0.2592402911592423,,,0.0
U000049,MKT_G,2024-12-30,1,0,3.9269233393864056,29.462439964303936,0.2376861938743188,,,0.0
U000049,MKT_B,2025-02-03,1,0,3.981216109165784,29.488720605850418,0.2662791349681215,,,0.0
U000049,MKT_E,2025-02-24,1,0,3.5020754763083697,37.91816823683463,0.2692486396876419,,,0.0
U000050,MKT_B,2025-01-06,1,0,3.772919730843978,26.50571438552308,0.094680059272553,,,0.0
U000050,MKT_H,2025-01-06,1,0,3.782328510739587,35.43575690442221,0.1172464082253312,,,0.0
U000050,MKT_E,2025-01-20,1,0,3.907174295750608,28.223670212497016,0.1873985445582758,,,0.0
U000051,MKT_D,2025-01-06,1,0,3.5050186055978783,30.712460924888443,0.3052679426353186,0.0,4.0,0.0
U000051,MKT_B,2025-01-13,1,0,3.600329988751626,40.567095878111026,0.2357590773513812,0.0,4.0,0.0
U000051,MKT_E,2025-01-13,1,0,4.126612986836483,22.21949209258616,0.0842611493086386,0.0,4.0,0.0
U000051,MKT_C,2025-01-20,1,0,3.793471648531857,28.794937611052376,0.3523900981300613,0.0,4.0,0.0
U000051,MKT_H,2025-01-27,1,0,3.101005643738441,36.06173803041645,0.3480429363249374,,,0.0
U000051,MKT_D,2025-03-03,1,0,4.166147744250901,19.156308629041455,0.2398301926663459,,,0.0
U000051,MKT_H,2025-03-10,1,0,3.90394362318433,22.40206943173528,0.1889229675039768,,,0.0
U000051,MKT_D,2025-03-24,1,0,3.4751281963545657,31.591317510806807,0.2937642985661887,,,0.0
U000052,MKT_C,2025-03-03,1,0,4.1200764803809475,33.57203381405664,0.1360682748408483,,,0.0
U000053,MKT_F,2025-01-13,1,0,3.9175066198103834,41.58693708232578,0.1477200924731908,,,0.0
U000054,MKT_F,2025-01-06,1,0,3.8718662482405697,37.02895321082448,0.1101545986749602,0.0,4.0,0.0
U000054,MKT_A,2025-01-13,1,0,3.8813470127228142,26.60503410540578,0.1061139161665297,,,0.0
U000054,MKT_H,2025-01-20,1,0,3.7721899032383273,25.52026287503123,0.346631982541535,,,0.0
U000054,MKT_E,2025-01-27,1,0,3.777056447961297,29.3619433238738,0.2026753827212379,,,0.0
U000054,MKT_G,2025-03-24,1,0,3.639457783068005,33.32916263911125,0.1532484909964722,,,0.0
U000055,MKT_D,2025-01-13,1,0,3.743110190778066,18.485370275344746,0.1569182222655303,,,0.0
U000055,MKT_B,2025-01-20,1,0,3.7196809320050295,49.487953221658785,0.066848250169148,,,0.0
U000055,MKT_B,2025-03-24,1,0,4.475134851286269,34.23148871838477,0.1074132021662399,,,0.0
U000056,MKT_H,2025-01-06,1,0,3.6774115855461647,29.77908074444637,0.3028299156062644,,,0.0
U000056,MKT_G,2025-01-13,1,0,3.5623786212569932,36.05663829665271,0.2519636055181368,,,0.0
U000056,MKT_H,2025-01-27,1,0,3.963016736421136,21.133299631417607,0.2609570401082516,,,0.0
U000056,MKT_F,2025-02-03,1,0,4.040959474329762,31.40380639778759,0.2316097015158994,,,0.0
U000057,MKT_B,2025-01-06,1,0,3.7009496170630607,31.66150419077541,0.1680994958075465,,,0.0
U000057,MKT_E,2025-02-10,1,0,3.9696165716649783,34.29426211684916,0.2541728579702495,,,0.0
U000057,MKT_H,2025-03-03,1,0,3.9057597990894592,16.914342441960805,0.1149379507203085,,,0.0
U000058,MKT_A,2025-01-27,1,0,3.735764427026077,25.692699989530183,0.3562979774601122,,,0.0
U000058,MKT_E,2025-02-24,1,0,4.260562823393473,34.02938398697155,0.418423749877388,,,0.0
U000059,MKT_D,2025-01-20,1,0,3.8946313620293456,39.688567032549074,0.1369552264047016,,,0.0
U000059,MKT_G,2025-01-20,1,0,4.206971537825587,18.351610527387045,0.2467687299790524,,,0.0
U000059,MKT_B,2025-02-17,1,0,3.975938410989494,32.01396595482794,0.4668686212466251,,,0.0
U000060,MKT_A,2024-12-30,1,0,3.783724138289054,41.2319449216119,0.095053047535091,1.0,4.0,1.0
U000060,MKT_G,2025-01-13,1,0,3.802612135585525,26.27710696602416,0.2205930890674833,,,0.0
U000060,MKT_A,2025-01-27,1,0,4.031496164548504,12.640615537854996,0.4550237958394106,,,0.0
U000060,MKT_F,2025-03-03,1,1,3.3048286480255933,24.193293671223515,0.1426038930254493,,,0.0
U000060,MKT_D,2025-03-17,1,0,4.046957256324411,18.713239931595872,0.1355999767259794,,,0.0
U000061,MKT_E,2025-01-06,1,1,4.065843318931166,28.311545507000137,0.2766931848631235,,,0.0
U000061,MKT_H,2025-02-24,1,0,3.659688458808806,27.89131860560236,0.1698483381227463,,,0.0
U000061,MKT_D,2025-03-24,1,0,3.892720431913877,31.898822948393686,0.325776496943703,,,0.0
U000062,MKT_H,2024-12-30,1,0,3.752354811553509,31.16030281734594,0.2791952679127817,0.0,4.0,0.0
U000062,MKT_C,2025-01-06,1,0,3.766181329152368,28.235891501106856,0.2012298214923484,0.0,4.0,0.0
U000062,MKT_G,2025-01-27,1,0,3.5786452812545293,33.747112790632066,0.2444587401590621,,,0.0
U000062,MKT_F,2025-02-10,1,0,3.4408761758318014,33.73452276464789,0.349828520599846,,,0.0
U000062,MKT_G,2025-02-17,1,0,3.701397426715267,25.43056006110018,0.2204238249126585,,,0.0
U000062,MKT_H,2025-03-31,1,0,3.895416738182989,33.078040985339605,0.5699319890703766,,,0.0
U000063,MKT_E,2024-12-30,1,0,3.287807863393183,31.39261431239365,0.2515236852770944,0.0,4.0,0.0
U000063,MKT_F,2025-01-06,1,0,3.640251069081414,44.34595923846991,0.2089843020594456,,,0.0
U000063,MKT_A,2025-01-20,1,0,3.710800353662768,43.72528501981053,0.3764760552074154,,,0.0
U000063,MKT_A,2025-02-03,1,0,3.793053056899143,33.80498028312361,0.3591822040270513,,,0.0
U000063,MKT_B,2025-03-24,1,0,3.4760047401992846,23.80041412986415,0.0848947199896743,,,0.0
U000064,MKT_A,2025-02-03,1,0,4.0818970915764705,23.57820746374996,0.081941048930266,,,0.0
U000064,MKT_G,2025-03-10,1,0,3.911609930641984,32.523701059432355,0.2748451905130563,,,0.0
U000065,MKT_F,2025-01-13,1,0,3.856121651438752,19.157846631968756,0.3163140718786419,,,0.0
U000065,MKT_E,2025-01-27,1,0,3.225333424225061,26.478487136114133,0.5363690669525725,,,0.0
U000065,MKT_C,2025-02-03,1,0,2.893196388434146,31.61624231923513,0.4028881751095068,,,0.0
U000065,MKT_H,2025-02-17,1,0,3.50609294331926,28.867566784771576,0.1324477553258784,,,0.0
U000066,MKT_F,2025-01-06,1,0,4.109669715931822,45.24640821830793,0.2113210443680336,,,0.0
U000066,MKT_D,2025-01-27,1,0,3.8799394558954856,38.22714366614481,0.0866149429529277,,,0.0
U000066,MKT_A,2025-03-03,1,0,4.083332335574917,37.08496644673468,0.3374045018774849,,,0.0
U000067,MKT_E,2025-01-06,1,0,3.9283224492851168,50.90282797879962,0.1495888428228659,0.0,4.0,0.0
U000067,MKT_A,2025-01-20,1,0,3.709902467816972,36.98598092904844,0.3236765049118738,,,0.0
U000067,MKT_A,2025-01-27,1,0,3.3797806789701563,42.05706093860948,0.1642912539288563,,,0.0
U000067,MKT_H,2025-03-10,1,0,3.7831186982510534,33.73972345541463,0.307422282660414,,,0.0
U000067,MKT_F,2025-03-17,1,0,4.019383195923609,35.881054096591086,0.4578949430030097,,,0.0
U000068,MKT_B,2025-01-27,1,0,3.740153291174745,37.5604046035684,0.2505195252111305,0.0,4.0,0.0
U000068,MKT_A,2025-02-10,1,0,3.353690371258188,33.8870603352218,0.3581966967037117,,,0.0
U000068,MKT_D,2025-03-17,1,0,3.917637328500377,44.51300499132189,0.0387907661184435,,,0.0
U000068,MKT_B,2025-03-24,1,0,4.008493599809086,31.129608112067515,0.4761671568836602,,,0.0
U000068,MKT_E,2025-03-24,1,0,3.919012426645891,34.92297334640144,0.1215555050351717,,,0.0
U000069,MKT_B,2025-01-06,1,0,3.547970905761426,22.380988397127723,0.1344851239840468,,,0.0
U000069,MKT_B,2025-01-20,1,0,4.253759408322816,22.969326895131104,0.2890670408071909,,,0.0
U000069,MKT_E,2025-02-17,1,0,3.735791132436413,39.726621639763835,0.3190939539827722,,,0.0
U000069,MKT_G,2025-03-17,1,0,3.917704886803976,25.407547633196582,0.2284300130884817,,,0.0
U000070,MKT_C,2025-01-13,1,0,3.726919380266006,43.977448864538246,0.0590465351054135,0.0,4.0,0.0
U000070,MKT_D,2025-01-13,1,0,3.882077679558319,20.282655424325014,0.0951848690415228,0.0,4.0,0.0
U000070,MKT_E,2025-01-27,1,0,4.187918647184261,29.40680521922805,0.052026346918998,,,0.0
U000070,MKT_E,2025-02-03,1,0,3.2104930866264945,31.900743930796505,0.1326827444604276,,,0.0
U000070,MKT_D,2025-03-17,1,0,3.582502977458933,32.05809713377248,0.1928525262442034,,,0.0
U000070,MKT_E,2025-03-24,1,0,3.916030088732887,46.81387762226329,0.451691565582794,,,0.0
U000071,MKT_D,2025-01-13,1,0,3.8225464069705626,33.372092641115145,0.2012495768111089,0.0,4.0,0.0
U000071,MKT_G,2025-01-20,1,0,4.118653857439882,31.344767597775657,0.3403818528020735,,,0.0
U000071,MKT_G,2025-02-24,1,0,4.031293363326317,41.48495220055504,0.212840070756403,,,0.0
U000071,MKT_G,2025-03-24,1,0,3.1514876634594686,45.0060428908344,0.2160920740562108,,,0.0
U000071,MKT_H,2025-03-24,1,0,3.705184698973091,20.456596838629743,0.5365157785246999,,,0.0
U000073,MKT_B,2025-01-06,1,0,3.185579969415203,39.344129749953765,0.2808588461274827,,,0.0
U000073,MKT_H,2025-01-13,1,0,3.974111162038543,38.84620964032126,0.0237503194740897,,,0.0
U000073,MKT_C,2025-02-24,1,0,3.638517620288915,30.11644582244531,0.2978925939998134,,,0.0
U000074,MKT_E,2025-01-06,1,0,4.098493305662359,27.91829978552284,0.1192001500684032,1.0,5.0,1.0
U000074,MKT_A,2025-02-03,1,0,4.294622765176893,37.17891527793876,0.5409831190263593,,,0.0
U000074,MKT_A,2025-02-24,2,1,3.756037560175683,34.78844083456609,0.16000326123120473,,,0.0
U000074,MKT_B,2025-02-24,1,0,3.6637026914050623,48.19555574293915,0.3875270237048167,,,0.0
U000074,MKT_G,2025-03-03,1,0,3.8776621107032545,41.5414604705162,0.2362745093433867,,,0.0
U000075,MKT_H,2024-12-30,1,0,3.96580626056198,34.54085468772138,0.2582246729587119,0.0,4.0,0.0
U000075,MKT_D,2025-01-27,1,0,4.159846252533577,25.545708653366145,0.2585189929810042,,,0.0
U000075,MKT_G,2025-02-24,1,0,4.2002801418861,40.043401198631415,0.1409089732274613,,,0.0
U000075,MKT_H,2025-02-24,1,0,3.8495458280965154,27.231006774034448,0.3479702010239417,,,0.0
U000075,MKT_B,2025-03-17,1,0,3.928458285770331,46.13461777338812,0.1037158459058409,,,0.0
U000076,MKT_B,2025-01-27,2,1,3.7143444321580548,47.09956339790682,0.20718506119308783,,,0.0
U000076,MKT_C,2025-02-17,1,0,3.7222039125970814,33.46027136800702,0.1311136993250629,,,0.0
U000076,MKT_D,2025-03-24,1,0,3.5013518185796855,37.73873003946462,0.2432807621440835,,,0.0
U000077,MKT_A,2025-01-06,1,0,3.883361977200787,19.05675161623826,0.1628256519826684,0.0,4.0,0.0
U000077,MKT_B,2025-01-06,1,0,4.004635320809542,12.167181954598234,0.1323261764847699,0.0,4.0,0.0
U000077,MKT_A,2025-01-13,1,0,3.6075504268986784,14.725733608819102,0.1258244690783882,,,0.0
U000077,MKT_E,2025-02-03,1,0,3.592403586783866,58.8722246553491,0.0218753815588319,,,0.0
U000077,MKT_F,2025-02-24,1,0,3.6128229304131176,50.73502944356892,0.3559991397415474,,,0.0
U000077,MKT_B,2025-03-17,1,0,4.034810685104166,37.95298591935236,0.2186402717551505,,,0.0
U000078,MKT_F,2025-01-06,1,1,3.7001643894691334,29.323328717161413,0.3913696259697578,,,0.0
U000078,MKT_F,2025-01-27,1,0,3.999016063541244,22.593518910929127,0.2676150488102219,,,0.0
U000078,MKT_D,2025-02-03,1,0,4.124380161715352,28.94270548598608,0.0615093368626402,,,0.0
U000079,MKT_G,2025-01-06,1,1,3.994234346004943,34.87885997807577,0.1672522442758491,0.0,4.0,0.0
U000079,MKT_B,2025-01-13,1,0,3.936496676795722,29.381112327047497,0.2730128865978298,0.0,4.0,0.0
U000079,MKT_B,2025-01-27,1,0,3.82685424428203,35.50593911724439,0.1491154910084249,0.0,4.0,0.0
U000079,MKT_B,2025-02-03,1,0,2.3719436598109485,32.38407333648563,0.2905536969365887,,,0.0
U000079,MKT_H,2025-02-03,1,0,3.615236838623797,17.0361562302232,0.3437927410946974,,,0.0
U000079,MKT_B,2025-02-24,1,0,4.323778971102792,34.33381104532874,0.2581459120575871,,,0.0
U000079,MKT_E,2025-02-24,1,0,3.337084378406587,22.63991038973264,0.2338284554809344,,,0.0
U000080,MKT_E,2024-12-30,1,0,4.107524284523897,33.94623666429063,0.1635788898893782,0.0,4.0,0.0
U000080,MKT_B,2025-01-13,1,0,3.443794729910793,25.36045331812092,0.2596780323746678,0.0,4.0,0.0
U000080,MKT_G,2025-01-13,1,0,3.994010547933236,37.034135385694434,0.3286512935145778,0.0,4.0,0.0
U000080,MKT_B,2025-02-03,1,0,3.685014154526779,38.0489613420815,0.3655749209210476,,,0.0
U000080,MKT_B,2025-02-24,1,0,4.147836432479969,31.653119740283948,0.244913473737828,,,0.0
U000080,MKT_H,2025-02-24,1,0,3.718743017203892,34.18193569524092,0.0322938257299251,,,0.0
U000080,MKT_A,2025-03-17,1,0,4.0084271406863055,26.830544074119544,0.1716978056896286,,,0.0
U000081,MKT_E,2025-01-27,1,0,3.7851219454866065,31.949890442036416,0.1049795091480478,0.0,4.0,0.0
U000081,MKT_C,2025-02-03,1,0,4.091210711499255,37.59242618746611,0.2206266935308666,0.0,4.0,0.0
U000081,MKT_F,2025-02-03,1,0,3.65046321787903,24.017718710490215,0.3325330829358935,,,0.0
U000081,MKT_E,2025-02-17,1,0,3.699141268714063,32.07844892763335,0.4536977402173797,,,0.0
U000081,MKT_E,2025-02-24,1,0,4.347674530465712,32.30273020664351,0.0250764433998745,,,0.0
U000081,MKT_A,2025-03-10,1,0,3.9338118979656658,37.07861928821503,0.3751326483373182,,,0.0
U000082,MKT_C,2024-12-30,1,0,3.4869590260505143,35.04555420166446,0.1979097819428902,0.0,4.0,0.0
U000082,MKT_H,2025-01-13,1,0,4.042962690365107,32.767251090184786,0.1592397302447828,0.0,4.0,0.0
U000082,MKT_C,2025-01-20,1,0,3.846037420475821,24.0099688145095,0.1447069898156735,0.0,4.0,0.0
U000082,MKT_B,2025-02-10,1,0,3.196223642322825,34.32368597027691,0.1261067910925927,0.0,4.0,0.0
U000082,MKT_D,2025-02-17,1,0,3.652499161391364,30.682701139603207,0.2438060140392968,0.0,4.0,0.0
U000082,MKT_F,2025-02-17,1,0,3.706070590681442,29.700720598536865,0.3191023557699369,0.0,4.0,0.0
U000082,MKT_H,2025-02-17,1,0,3.668913646821768,25.141594505500997,0.3641340784085937,,,0.0
U000082,MKT_E,2025-02-24,1,0,4.289020179638358,20.70178580612856,0.3839133480389572,,,0.0
U000082,MKT_G,2025-02-24,1,0,3.8375907258137887,27.042731211028425,0.1255821099058025,,,0.0
U000082,MKT_C,2025-03-24,1,0,3.716215534151376,29.681640845149897,0.0569166454861782,,,0.0
U000083,MKT_H,2025-01-13,1,0,4.0173122651216175,26.491421455504135,0.1287474886805746,,,0.0
U000084,MKT_C,2025-01-13,1,0,3.2850021464453554,18.822103243497445,0.3055147153584827,,,0.0
U000084,MKT_B,2025-01-20,1,0,3.711106401102686,27.727721397426855,0.2374021668983231,,,0.0
U000084,MKT_D,2025-03-24,1,0,3.598844312771732,35.7155451072453,0.094010249795028,,,0.0
U000085,MKT_C,2025-01-06,1,0,3.6243473909582176,35.94239180315585,0.359272751800723,,,0.0
U000085,MKT_H,2025-01-20,1,0,3.661407710422206,40.586598716415345,0.302906221570256,,,0.0
U000085,MKT_C,2025-02-03,1,0,3.5716197556370854,49.44110013307323,0.2151897207635519,,,0.0
U000086,MKT_C,2025-01-27,1,0,4.2128478335888335,24.31761427433403,0.1369573048136038,,,0.0
U000086,MKT_E,2025-02-03,1,0,3.2802306058573993,20.7903052073562,0.3106744083768254,,,0.0
U000087,MKT_G,2024-12-30,1,0,3.966863220000169,25.187000728978564,0.1917907012483973,,,0.0
U000087,MKT_G,2025-01-27,1,0,3.875470163517329,29.375431922074178,0.3852209931088809,,,0.0
U000088,MKT_B,2025-01-06,1,0,3.978442799247351,31.78901099563636,0.2125780979888772,,,0.0
U000088,MKT_A,2025-01-20,1,0,3.7279570299155806,20.807509748683017,0.189354550392759,,,0.0
U000088,MKT_E,2025-02-24,1,0,4.182607937894652,35.118852076133706,0.3072656510695395,,,0.0
U000088,MKT_E,2025-03-24,1,0,4.15248334513449,22.89402827932122,0.1554088935019238,,,0.0
U000089,MKT_G,2024-12-30,1,0,3.648595310022163,29.02267435659225,0.111994331159613,,,0.0
U000089,MKT_B,2025-02-17,1,0,4.04994776535372,54.21504121593303,0.0760668270297107,,,0.0
U000089,MKT_C,2025-03-17,1,0,3.7097771416506897,18.965352121167587,0.1332050691845413,,,0.0
U000090,MKT_G,2025-01-13,1,0,3.985386203772044,35.02364246020201,0.2566503276348757,,,0.0
U000090,MKT_E,2025-02-10,1,0,3.7946117858238178,28.249660019069093,0.0394528265445,,,0.0
U000090,MKT_F,2025-02-17,1,0,3.994520086411806,37.84738615223863,0.263250737351674,,,0.0
U000090,MKT_E,2025-02-24,1,0,3.7451755192702025,33.27703348321504,0.1595314137586615,,,0.0
U000091,MKT_F,2024-12-30,1,0,3.853187346979737,25.364536348129953,0.0475636647615544,,,0.0
U000091,MKT_D,2025-02-17,1,0,3.919415346825672,32.79856867648003,0.3801782223556598,,,0.0
U000091,MKT_E,2025-02-17,1,0,3.9256578544421608,36.762371858973,0.212845068125195,,,0.0
U000092,MKT_D,2025-01-06,1,0,3.35146159331308,22.378316429892568,0.4098558274834762,0.0,4.0,0.0
U000092,MKT_H,2025-01-20,1,0,3.8632798187003554,28.374573996793213,0.076736456372336,,,0.0
U000092,MKT_H,2025-02-17,1,0,3.7063546756191696,28.917673535021308,0.1651089429025409,,,0.0
U000092,MKT_D,2025-02-24,1,0,3.225538148287403,30.829643790492863,0.064802824688569,,,0.0
U000092,MKT_B,2025-03-17,1,0,4.303694579520666,19.74969609263649,0.2146051542684845,,,0.0
U000093,MKT_H,2025-01-20,1,1,3.2088634919137373,38.3763263144038,0.2323718436364798,0.0,4.0,0.0
U000093,MKT_G,2025-02-03,1,0,4.270248060638721,24.807283079065993,0.3623701805802676,0.0,4.0,0.0
U000093,MKT_C,2025-03-03,1,0,3.8767324130065584,46.20489390661788,0.1677017699790075,,,0.0
U000093,MKT_C,2025-03-17,1,0,3.83219501571164,40.19134814845163,0.1483931976615052,,,0.0
U000093,MKT_D,2025-03-17,1,0,4.268833605493737,51.349248238782536,0.2030383542154817,,,0.0
U000093,MKT_E,2025-03-31,1,0,3.7982314041662977,27.479634051357177,0.1907398120939921,,,0.0
U000094,MKT_A,2025-01-06,1,0,3.7573272353449094,29.528294330126528,0.39916217050268,,,0.0
U000094,MKT_E,2025-01-13,1,0,3.5200892034102074,36.53601915870914,0.3200472670413652,,,0.0
U000094,MKT_F,2025-02-17,1,0,3.906095866037355,42.511583576586695,0.2067578382038007,,,0.0
U000095,MKT_B,2025-02-03,1,0,3.2452477391854524,48.84216848295578,0.590942618455159,,,0.0
U000095,MKT_G,2025-02-24,1,0,4.018702737187489,15.910563230505772,0.1540268891253664,,,0.0
U000096,MKT_F,2025-02-10,1,0,3.4207662129916,24.5706305621609,0.1962288480458593,,,0.0
U000096,MKT_E,2025-03-17,1,0,4.223908438757906,42.46188947157064,0.0697318795930438,,,0.0
U000097,MKT_G,2025-03-17,1,0,3.37944738889878,32.48783906314802,0.1989328609567943,,,0.0
U000097,MKT_D,2025-03-31,1,0,4.035733358737544,48.77068575709332,0.245547860307338,,,0.0
U000098,MKT_G,2025-01-06,1,0,3.860172371271976,23.07941536714385,0.1724054704061118,,,0.0
U000098,MKT_G,2025-02-17,1,0,4.12962325315198,15.591416046629703,0.0766497494599786,,,0.0
U000098,MKT_A,2025-03-24,1,0,3.594065023662507,28.033451196412745,0.3505372312077197,,,0.0
U000099,MKT_D,2024-12-30,1,0,2.9686016922031317,21.69721074465254,0.1662946571280887,,,0.0
U000099,MKT_H,2025-02-17,1,0,3.91832993833808,33.088958830575066,0.1695340634006284,,,0.0
U000099,MKT_F,2025-03-03,1,0,3.714661599655084,47.62029627091064,0.0710847669724694,,,0.0
U000099,MKT_E,2025-03-17,1,0,3.90901646330441,36.59174063475127,0.0933178629803995,,,0.0
U000100,MKT_D,2025-01-13,1,0,3.6147154847125065,31.0695812480814,0.1936094925877962,,,0.0
U000101,MKT_H,2025-02-24,1,0,3.5600164233660756,38.318854987118975,0.0780144996019888,,,0.0
U000101,MKT_E,2025-03-03,1,0,3.8429959802039217,32.02938745578807,0.1756221311384631,,,0.0
U000101,MKT_H,2025-03-10,1,0,4.189771551790085,29.263379282225504,0.3454370587280191,,,0.0
U000102,MKT_C,2024-12-30,1,0,3.5671244769338686,41.000523540146204,0.3013095528856419,,,0.0
U000102,MKT_E,2024-12-30,1,0,4.354775021719451,44.86990184217511,0.3641552656774023,,,0.0
U000102,MKT_H,2025-01-06,1,0,3.6076838971635024,26.494409724691508,0.5741231478939077,,,0.0
U000103,MKT_A,2024-12-30,1,0,3.980724836399261,48.790208937278685,0.6302832886170946,0.0,4.0,0.0
U000103,MKT_H,2025-01-20,1,0,3.5933613048689192,33.88825850317553,0.1746930500778863,0.0,4.0,0.0
U000103,MKT_B,2025-02-17,1,0,3.6891631795308366,42.22561020870376,0.2335395845033946,,,0.0
U000103,MKT_H,2025-03-10,1,0,3.769214880318464,35.254888242516486,0.2660080217205257,,,0.0
U000103,MKT_A,2025-03-17,1,0,3.6528304354101646,22.51833355520026,0.09383731366501,,,0.0
U000103,MKT_D,2025-03-17,1,0,4.113719537391983,24.941484726423873,0.1277106279981957,,,0.0
U000104,MKT_C,2025-01-20,1,0,3.6921182510756,28.51657072394043,0.2323945555760675,,,0.0
U000104,MKT_C,2025-02-03,1,0,4.188426638539097,29.929442090559903,0.1977400238477512,,,0.0
U000104,MKT_G,2025-03-10,1,1,3.88523191706648,25.340749722010237,0.4327391998166195,,,0.0
U000105,MKT_A,2025-02-17,1,0,3.9523769412428074,21.536950493843037,0.2152732007462729,0.0,4.0,0.0
U000105,MKT_B,2025-02-24,1,0,3.8738392722175874,41.3746519816418,0.2561966126029994,,,0.0
U000105,MKT_H,2025-03-03,1,0,4.175713522311876,21.06722989825154,0.1145505718710004,,,0.0
U000105,MKT_B,2025-03-17,1,0,4.096513105831477,47.98214982006344,0.388425095332255,,,0.0
U000105,MKT_H,2025-03-24,1,0,4.228368557538085,38.29405795949326,0.1350887237250916,,,0.0
U000106,MKT_F,2025-01-13,1,0,3.862292823893707,38.83270932844,0.3398521223332577,,,0.0
U000106,MKT_E,2025-01-27,1,1,3.982234308745168,17.95075974018241,0.2035962996090491,,,0.0
U000106,MKT_B,2025-02-03,1,0,3.679141894972878,37.31592548949857,0.2125408702524672,,,0.0
U000106,MKT_C,2025-02-24,1,0,3.962651616993796,13.077111634496523,0.2248899111860216,,,0.0
U000107,MKT_G,2025-01-06,1,0,3.7834512220828,24.447283829894396,0.164151989576909,,,0.0
U000107,MKT_A,2025-02-17,1,0,3.9128274179217897,30.451991958359898,0.3016447988445402,,,0.0
U000107,MKT_B,2025-02-17,1,0,3.715461573151477,41.13468678067024,0.2001990667171898,,,0.0
U000107,MKT_D,2025-02-24,1,0,4.123410268092875,25.433904421446556,0.0782444942246822,,,0.0
U000108,MKT_B,2025-01-06,1,0,3.549029626489302,36.84874993671182,0.5419844819571233,0.0,4.0,0.0
U000108,MKT_E,2025-01-13,1,0,3.570852372511521,35.08354337794243,0.3635896211352967,0.0,4.0,0.0
U000108,MKT_H,2025-01-13,1,0,4.097258867337175,38.331669007901695,0.061256465327724,,,0.0
U000108,MKT_A,2025-01-27,1,0,3.2106861296353335,42.07978176658996,0.4331720658583319,,,0.0
U000108,MKT_F,2025-03-10,1,0,3.756083033015339,33.73530524622995,0.1695852719971239,,,0.0
U000108,MKT_G,2025-03-31,1,0,3.585672659806559,27.86381883751437,0.3554278021386119,,,0.0
U000109,MKT_E,2025-01-06,1,0,4.1346124599334875,39.41443345740242,0.396895578644957,,,0.0
U000109,MKT_E,2025-02-03,1,0,3.949898528468548,29.26205625669628,0.0574904121142645,,,0.0
U000109,MKT_A,2025-02-17,1,0,3.54495610317708,40.74981103957788,0.1961303674683548,,,0.0
U000109,MKT_E,2025-03-03,1,0,3.7386265215226664,22.30139197025569,0.3087408947499929,,,0.0
U000110,MKT_E,2024-12-30,1,0,2.7597506903988767,25.70194355897244,0.2448173025979242,,,0.0
U000110,MKT_D,2025-01-27,1,0,3.620360675683693,32.454720919460655,0.2692770533338091,,,0.0
U000110,MKT_C,2025-03-17,1,0,3.7859637528162406,14.665785484137398,0.0858438459101263,,,0.0
U000111,MKT_C,2025-01-06,1,0,3.2892092825602366,42.1632816778881,0.0945432677294271,,,0.0
U000111,MKT_F,2025-01-06,1,0,4.140197890030997,41.19021203591434,0.0687974955603148,,,0.0
U000111,MKT_G,2025-01-27,1,0,3.4121641810373977,41.73983523913004,0.0805138118437189,,,0.0
U000111,MKT_A,2025-02-03,1,0,3.690228207147904,36.24178177843517,0.1633162913497088,,,0.0
U000112,MKT_H,2025-03-03,1,0,4.217101215197206,12.335244340191924,0.1312188546366137,,,0.0
U000113,MKT_F,2025-01-06,1,0,3.3522534256344665,35.101659447487016,0.2024941559855995,,,0.0
U000114,MKT_B,2024-12-30,1,0,4.131002138764461,40.65165913661475,0.1575229516030042,0.0,5.0,0.0
U000114,MKT_G,2025-01-20,1,0,4.063278507763843,31.98057727431148,0.2906170735977695,0.0,5.0,0.0
U000114,MKT_C,2025-02-03,1,0,3.463907386042252,21.556001438953192,0.2528445445566647,,,0.0
U000114,MKT_E,2025-02-03,1,0,3.7255828264421114,25.441984561128933,0.2650952051178437,,,0.0
U000114,MKT_B,2025-03-03,2,0,3.891470314109322,31.40112115841681,0.3612893502376464,,,0.0
U000114,MKT_G,2025-03-24,1,0,3.772984770741794,36.66680209267503,0.2940445046641313,,,0.0
U000115,MKT_B,2025-01-06,1,0,3.9414334090004233,46.53938484121407,0.2375652952946821,0.0,4.0,0.0
U000115,MKT_D,2025-01-13,1,0,3.86079932010257,19.749973782050297,0.0863457554756024,,,0.0
U000115,MKT_A,2025-02-03,1,0,3.4933706442042416,31.23050466221934,0.2603132876216267,,,0.0
U000115,MKT_F,2025-03-03,1,0,3.572479648626612,52.80412052061941,0.1310906783406309,,,0.0
U000115,MKT_B,2025-03-10,1,0,4.168204961407519,34.91636467336804,0.057556674617324,,,0.0
U000116,MKT_D,2025-01-13,1,0,3.6473413481746264,38.371689059081355,0.0417650861722578,0.0,4.0,0.0
U000116,MKT_H,2025-02-03,1,0,3.82125431036574,41.34190910341328,0.1908692488081587,0.0,4.0,0.0
U000116,MKT_E,2025-02-10,1,0,3.8862927760890154,27.514545811737676,0.2532796577760878,0.0,4.0,0.0
U000116,MKT_E,2025-02-17,1,0,3.905382434287331,33.99801333262431,0.3100852623182049,0.0,4.0,0.0
U000116,MKT_G,2025-02-24,1,0,3.524042563902756,46.82684327045794,0.1891850987396208,,,0.0
U000116,MKT_F,2025-03-10,1,0,4.141859656880758,27.781141100637143,0.3609448604890086,,,0.0
U000116,MKT_C,2025-03-17,1,0,3.5868152235270063,42.76384098662288,0.1709591737127726,,,0.0
U000116,MKT_B,2025-03-24,1,0,4.03090829819333,40.77631955457733,0.2266967489128104,,,0.0
U000117,MKT_H,2025-02-10,1,0,3.8951809909899,23.431771690408773,0.2169595873117862,,,0.0
U000118,MKT_C,2025-01-27,1,0,4.088421192249243,16.68602471954515,0.2748539226247309,0.0,4.0,0.0
U000118,MKT_D,2025-01-27,1,0,3.9224239528218874,32.47042638837874,0.1809692662054848,0.0,4.0,0.0
U000118,MKT_F,2025-01-27,1,0,3.841422218191006,43.34882838125848,0.1143136298757901,0.0,4.0,0.0
U000118,MKT_D,2025-02-03,1,0,4.0485690160189245,37.965602788605885,0.1770240480945204,,,0.0
U000118,MKT_G,2025-02-24,1,0,3.7031497252473593,28.782881569149826,0.1614345408822315,,,0.0
U000118,MKT_H,2025-03-17,1,0,3.759289117178058,34.76584523579573,0.2067310243547907,,,0.0
U000118,MKT_E,2025-03-24,1,0,3.844427401372177,46.17199703021371,0.3961106961981483,,,0.0
U000119,MKT_A,2025-03-03,1,0,3.932229087160035,39.78534929705805,0.2548524090414985,,,0.0
U000120,MKT_B,2025-03-10,1,0,3.664964828676306,28.869921507562488,0.1527478317030917,,,0.0
U000120,MKT_H,2025-03-17,1,0,3.368365655461273,27.45999407731292,0.2404133284026091,,,0.0
U000121,MKT_B,2025-01-13,1,0,4.122283369722666,16.61321811998382,0.3375986472373224,,,0.0
U000121,MKT_D,2025-01-27,1,0,3.9897924865504018,40.16470908404388,0.3536217860308462,,,0.0
U000121,MKT_A,2025-03-10,1,0,3.823361521967418,28.96127621661681,0.2610559183781111,,,0.0
U000122,MKT_A,2025-01-13,1,0,4.042163375944939,35.94653467802179,0.1254634122422459,,,0.0
U000122,MKT_B,2025-02-24,1,0,4.066395888162661,39.08854729144447,0.1014564853976593,,,0.0
U000122,MKT_B,2025-03-24,1,0,4.185848783192156,40.43920808659844,0.1134064707049439,,,0.0
U000123,MKT_A,2025-01-20,1,1,3.834601070224081,25.75605692507737,0.2799671203258649,,,0.0
U000123,MKT_D,2025-01-20,1,0,3.895441798180748,35.3083621030058,0.0754671447446939,,,0.0
U000123,MKT_A,2025-02-17,1,0,4.240574515491469,24.09776069452617,0.302374324258034,,,0.0
U000124,MKT_A,2024-12-30,1,0,4.029501976134952,22.963927637635273,0.1665282906951902,1.0,4.0,1.0
U000124,MKT_E,2025-01-20,1,0,3.648634327633696,38.215593378590285,0.2449699322575269,,,0.0
U000124,MKT_B,2025-01-27,1,1,4.055736615520253,28.085879381141744,0.1648446399406451,,,0.0
U000124,MKT_H,2025-02-24,1,0,3.566589478973965,30.268664705452643,0.2740268148370712,,,0.0
U000124,MKT_G,2025-03-03,1,0,3.9294856985769337,26.330864618778545,0.0995724709060452,,,0.0
U000125,MKT_G,2025-01-27,1,0,3.6469785936643104,37.19598997381555,0.1375584541974794,0.0,4.0,0.0
U000125,MKT_D,2025-02-03,1,0,3.9057272483611407,31.314107064625393,0.2435273989759959,,,0.0
U000125,MKT_G,2025-02-17,1,0,4.043554382512696,43.83264197658341,0.2829202377348742,,,0.0
U000125,MKT_C,2025-02-24,1,0,3.919815712764425,35.25622113800658,0.3245843532084574,,,0.0
U000125,MKT_F,2025-03-10,1,0,3.621106874480344,35.34716350672626,0.1910217895748867,,,0.0
U000126,MKT_A,2024-12-30,1,0,4.342860649874073,28.97551142621284,0.3571392575777801,0.0,4.0,0.0
U000126,MKT_E,2025-01-13,1,0,4.0194176823164245,40.25816940500141,0.1594329660052441,,,0.0
U000126,MKT_D,2025-01-27,1,0,3.825724667369636,23.09786830099153,0.0893256748482308,,,0.0
U000126,MKT_G,2025-02-03,1,0,4.165991106778998,21.70418764100207,0.0800014478800041,,,0.0
U000126,MKT_C,2025-03-03,1,0,4.080664962593367,36.15917751243991,0.0565836356763509,,,0.0
U000127,MKT_H,2025-01-20,1,0,3.833728375497467,24.685606153820036,0.2535861471241254,,,0.0
U000127,MKT_D,2025-01-27,1,0,3.754795860082647,36.04665333733132,0.1197420894711502,,,0.0
U000128,MKT_A,2025-01-06,1,0,3.3889263959977116,20.487200079455945,0.2507928393063597,0.0,4.0,0.0
U000128,MKT_D,2025-01-06,1,0,3.0516157572561147,33.79866077421782,0.0972166779519893,0.0,4.0,0.0
U000128,MKT_G,2025-01-06,1,0,3.976642290657822,27.18647395368389,0.1302150598507015,0.0,4.0,0.0
U000128,MKT_H,2025-01-06,1,0,3.4478092939490335,29.31593215944303,0.0960617597106374,,,0.0
U000128,MKT_E,2025-01-13,1,0,4.332815137101181,19.220653954797932,0.3264861319306929,,,0.0
U000128,MKT_E,2025-02-03,1,0,3.9462184082212888,25.059822177199017,0.3461241830513977,,,0.0
U000128,MKT_A,2025-03-17,1,0,4.093024102161949,28.193318282837016,0.1567007523832381,,,0.0
U000129,MKT_C,2025-01-06,1,0,4.099244787318968,41.580814651921635,0.2334302837527774,0.0,4.0,0.0
U000129,MKT_H,2025-01-27,1,0,3.886421654805805,32.550052963211954,0.1683361549100006,,,0.0
U000129,MKT_G,2025-02-03,1,0,3.8313258807382633,31.89998084851508,0.294096964840398,,,0.0
U000129,MKT_C,2025-02-24,1,0,3.912616940950662,33.67564456493139,0.0798129085106499,,,0.0
U000129,MKT_G,2025-03-03,1,0,3.814437475216259,13.737111192473977,0.2669009090484741,,,0.0
U000130,MKT_E,2024-12-30,1,0,4.10447748409033,38.61981502358566,0.2376157945429226,0.0,4.0,0.0
U000130,MKT_E,2025-01-13,1,0,3.9584582611980625,36.64623913890209,0.2929007819021977,1.0,4.0,1.0
U000130,MKT_F,2025-01-20,1,0,3.93741099648107,20.096034964918022,0.1463105290737417,,,0.0
U000130,MKT_E,2025-01-27,1,0,4.004690098593994,28.50583159273291,0.3232178416787162,,,0.0
U000130,MKT_F,2025-02-10,1,0,4.077799840999881,30.597328698659524,0.2149660243321257,,,0.0
U000130,MKT_G,2025-02-17,1,1,3.87163248087502,33.902816562085135,0.2824689689175814,,,0.0
U000131,MKT_G,2025-02-03,1,0,3.390249005419829,25.114335776111258,0.212934822755324,,,0.0
U000131,MKT_F,2025-02-17,1,0,3.7114663577343223,37.71176999670037,0.2431237103605201,,,0.0
U000131,MKT_A,2025-03-03,1,0,4.048728753140453,34.52272485108539,0.2411260298889268,,,0.0
U000132,MKT_H,2025-01-06,1,0,3.8147347349151586,33.02826810476964,0.048684024265884,0.0,4.0,0.0
U000132,MKT_G,2025-02-03,1,0,4.091720922360393,43.66156458593933,0.0761777597157015,,,0.0
U000132,MKT_C,2025-02-24,1,0,4.225233947315978,30.040427129691448,0.1348006075186519,,,0.0
U000132,MKT_D,2025-03-24,1,0,4.072131756470029,34.683190928857016,0.0855711246992318,,,0.0
U000132,MKT_G,2025-03-24,1,0,3.3793435488279284,39.2750066651639,0.2443682770266287,,,0.0
U000133,MKT_D,2025-01-06,1,0,3.582297827055414,43.77873200341756,0.2125329481452757,0.0,5.0,0.0
U000133,MKT_E,2025-01-20,1,0,4.2130770285662384,37.67779544158378,0.1082020956977257,0.0,5.0,0.0
U000133,MKT_B,2025-01-27,1,0,3.699032533972368,20.2587878134617,0.2090148280385002,,,0.0
U000133,MKT_H,2025-01-27,2,0,3.973966610772991,27.270042987389218,0.118016212636925,,,0.0
U000133,MKT_C,2025-02-03,1,0,3.7186430885651,34.532295344037905,0.5955026091298151,,,0.0
U000133,MKT_G,2025-03-03,1,0,4.190031110276622,23.04374539268076,0.2132592954062534,,,0.0
U000134,MKT_H,2025-01-06,1,0,3.3224354617920215,36.577201944181994,0.1766862030500016,,,0.0
U000134,MKT_B,2025-02-03,1,0,3.273621838091637,34.26452937220196,0.0699425934416504,,,0.0
U000134,MKT_D,2025-02-17,1,0,3.581921536307116,39.67251164203184,0.218662032518107,,,0.0
U000134,MKT_E,2025-03-31,1,0,3.9921167217294142,34.52828946305678,0.1879685909849754,,,0.0
U000135,MKT_H,2025-01-13,1,0,4.128630815902572,29.533662723252288,0.1988677868183706,,,0.0
U000135,MKT_H,2025-01-20,1,0,3.6716986849734385,34.988164713603176,0.1110120841383054,,,0.0
U000136,MKT_C,2025-01-20,1,0,3.884967748793488,46.43892622969497,0.1238347755568605,,,0.0
U000136,MKT_D,2025-02-10,1,0,4.143333754016169,36.33397439098284,0.2180969886987863,,,0.0
U000137,MKT_A,2025-01-06,1,0,3.8690011610613415,38.724330616493354,0.1766247402708557,1.0,4.0,1.0
U000137,MKT_D,2025-01-20,1,0,4.284045138895266,23.81528300336785,0.4810753376522126,,,0.0
U000137,MKT_H,2025-02-17,1,1,3.973212287426442,26.132945209951327,0.4019851409550344,,,0.0
U000137,MKT_B,2025-02-24,1,0,3.897917259083887,23.868059194070433,0.0275271624858372,,,0.0
U000137,MKT_G,2025-02-24,1,0,4.0683826258081925,20.821697789183567,0.2954212605157398,,,0.0
U000138,MKT_G,2025-01-06,1,0,4.103869468339115,32.079924955502015,0.4557385991669933,0.0,4.0,0.0
U000138,MKT_F,2025-01-27,1,0,4.166464963776208,36.1151372742228,0.270863183823771,0.0,4.0,0.0
U000138,MKT_E,2025-02-17,1,0,4.199513092175624,38.60242347958372,0.3074908056322298,,,0.0
U000138,MKT_H,2025-03-03,1,0,3.6978981771108934,24.539287470037316,0.4909600689724499,,,0.0
U000138,MKT_H,2025-03-17,1,0,3.917114300887198,37.550426547869705,0.1636262353725041,,,0.0
U000138,MKT_H,2025-03-24,1,0,3.4801093844938347,30.57632766499659,0.2739963300091318,,,0.0
U000139,MKT_D,2025-01-20,1,0,4.0668796691704285,31.630702724135073,0.4191205722494708,,,0.0
U000139,MKT_A,2025-03-24,1,0,3.943748934531941,35.08247344514282,0.1013399090684407,,,0.0
U000140,MKT_H,2025-02-17,1,0,4.167081279456062,34.86450233917743,0.29020341273268,,,0.0
U000140,MKT_C,2025-03-17,1,0,3.6798451686050737,29.813953620593537,0.1593394747457195,,,0.0
U000141,MKT_B,2025-01-20,1,0,4.122575655877491,28.883202037035066,0.3654758687502878,0.0,4.0,0.0
U000141,MKT_G,2025-01-20,1,0,3.7222583549503225,43.097590661200435,0.1126112597440047,0.0,4.0,0.0
U000141,MKT_E,2025-02-03,1,0,4.039770803079861,35.07785917803196,0.3473674242716096,0.0,4.0,0.0
U000141,MKT_H,2025-02-03,1,0,4.1218424531455415,25.207028472830803,0.053164848840595,0.0,4.0,0.0
U000141,MKT_E,2025-02-24,1,0,3.677821646451388,34.539285338247275,0.1032169051144127,,,0.0
U000141,MKT_G,2025-03-10,1,0,4.1394641636238285,31.058689386122943,0.1554184214889624,,,0.0
U000141,MKT_F,2025-03-17,1,0,3.7497155296737423,40.106137535768895,0.2808912535380219,,,0.0
U000141,MKT_B,2025-03-24,1,0,3.692794875511709,35.60950311099678,0.3589708672575589,,,0.0
U000142,MKT_H,2025-02-24,1,0,4.079087856624283,39.103542609965274,0.2135951766408188,,,0.0
U000142,MKT_E,2025-03-10,1,0,3.61818865687949,41.91795017609671,0.216773488082227,,,0.0
U000143,MKT_C,2025-01-06,1,0,3.9659225044967346,38.77126527834889,0.3289816674029116,0.0,4.0,0.0
U000143,MKT_H,2025-01-06,1,0,3.9384234916770846,35.5885348853758,0.0402205221231705,0.0,4.0,0.0
U000143,MKT_D,2025-01-13,1,0,3.8233206945863074,37.53262829665477,0.3499851430154833,0.0,4.0,0.0
U000143,MKT_G,2025-01-13,1,0,4.148942862327984,11.932736715032298,0.3652500941755047,,,0.0
U000143,MKT_E,2025-01-27,1,0,3.3852025511086583,29.217469052377066,0.3053883004988378,,,0.0
U000143,MKT_A,2025-02-17,1,0,3.729783214264547,36.89960225244757,0.2076177165906975,,,0.0
U000143,MKT_H,2025-03-03,1,0,4.1146700789114545,35.36874672135648,0.3132555984958904,,,0.0
U000144,MKT_B,2024-12-30,1,0,4.091033592231986,28.75520916970487,0.4125696324827096,0.0,4.0,0.0
U000144,MKT_C,2024-12-30,1,0,4.1690640148785345,28.573757074741422,0.1825111303000466,0.0,4.0,0.0
U000144,MKT_A,2025-01-06,1,0,3.9621928203670858,13.9448082831452,0.5648049431946127,0.0,4.0,0.0
U000144,MKT_C,2025-01-20,1,0,3.9165567295919175,34.088484063442834,0.3188231198761513,0.0,4.0,0.0
U000144,MKT_C,2025-01-27,1,0,3.5824682595586332,28.386878583195376,0.1579579939159041,0.0,4.0,0.0
U000144,MKT_G,2025-01-27,1,0,3.6971400835455945,46.00920137758594,0.1448069953876475,0.0,4.0,0.0
U000144,MKT_H,2025-02-03,1,0,3.776506700282476,37.61713074539947,0.26137972561472,0.0,4.0,0.0
U000144,MKT_A,2025-02-24,1,0,3.362318292755038,31.645006293438502,0.1264160272809909,,,0.0
U000144,MKT_D,2025-02-24,1,0,3.5733025078422513,32.53137828842277,0.3736149218195539,,,0.0
U000144,MKT_H,2025-03-03,1,0,3.458669272551468,32.628415878284635,0.3852423142312308,,,0.0
U000144,MKT_B,2025-03-24,1,0,3.801192172184625,28.36374137923209,0.1506560151604148,,,0.0
U000145,MKT_G,2024-12-30,1,0,3.915402555251144,33.79806162596927,0.1832846227772437,,,0.0
U000145,MKT_C,2025-01-27,2,0,4.014282074378212,37.83659252498052,0.08325901866985955,,,0.0
U000145,MKT_H,2025-03-10,1,0,3.9698479785645584,32.5152780521078,0.4320266297986278,,,0.0
U000145,MKT_D,2025-03-17,1,0,3.9748982768761745,28.12539600685872,0.1510481546923121,,,0.0
U000146,MKT_H,2025-01-27,1,0,3.731562472120838,31.503556058699544,0.1288364134441504,,,0.0
U000146,MKT_F,2025-02-03,1,0,3.131066563810702,15.893092742100173,0.1182588784627091,,,0.0
U000146,MKT_B,2025-03-10,1,0,3.568646919766614,30.463012344556866,0.0751707644845051,,,0.0
U000146,MKT_A,2025-03-17,1,0,3.461735196517444,36.40554980771766,0.2789581109127498,,,0.0
U000147,MKT_C,2025-01-06,1,0,3.9270805991969313,41.35319569094684,0.3738920437198871,1.0,4.0,1.0
U000147,MKT_G,2025-01-27,1,0,3.6549828443868826,33.779604462340615,0.1371584168049486,,,0.0
U000147,MKT_E,2025-02-03,1,1,3.7772075705998938,33.67245657090266,0.1554290644805709,,,0.0
U000147,MKT_F,2025-02-24,1,0,3.93813373097664,24.04732545840179,0.2730365947601367,,,0.0
U000147,MKT_E,2025-03-24,1,0,4.171104713423108,39.7494427566459,0.0541809953801039,,,0.0
U000148,MKT_E,2025-01-13,1,0,3.8852926738185904,27.390008814944213,0.5021623516737775,,,0.0
U000148,MKT_F,2025-01-27,1,0,3.5353928854321652,33.56592491595618,0.0726102354422018,,,0.0
U000148,MKT_H,2025-02-03,1,0,4.03375037623629,29.790103971832544,0.0795609052846414,,,0.0
U000148,MKT_C,2025-03-17,1,0,3.657359564913054,23.191828319537773,0.3985968179605189,,,0.0
U000149,MKT_F,2025-01-27,1,0,3.9089171763744384,35.34986960106465,0.192646407568931,,,0.0
U000149,MKT_E,2025-02-10,1,0,3.857863809579316,36.12005481942994,0.1462017734211592,,,0.0
U000149,MKT_F,2025-02-17,1,1,3.442204118292824,34.47326464869368,0.2492346835261124,,,0.0
U000149,MKT_F,2025-03-03,1,0,3.6591313451078498,28.686930164161897,0.3197030686103888,,,0.0
U000150,MKT_F,2025-01-27,1,0,3.816056389404884,20.45232741861503,0.3392012416394553,,,0.0
U000150,MKT_C,2025-02-17,1,0,3.775565652274264,32.98476356826244,0.2191699833651045,,,0.0
U000150,MKT_E,2025-02-24,1,0,3.4128642440200823,25.076394899683844,0.3353165760228589,,,0.0
U000151,MKT_F,2024-12-30,1,0,3.8381761928011753,35.3057341238461,0.16608196878725,,,0.0
U000151,MKT_A,2025-02-03,1,0,3.902187522887138,32.8264942185751,0.1329058222258978,,,0.0
U000151,MKT_B,2025-02-17,1,0,3.769640084382634,14.23452532656558,0.3683918704894923,,,0.0
U000152,MKT_D,2025-01-06,1,1,3.6866511952410246,23.316436360314366,0.2814984947941688,,,0.0
U000152,MKT_H,2025-03-10,1,0,3.716391374492451,29.346146546159265,0.3061509448965911,,,0.0
U000152,MKT_F,2025-03-24,1,0,4.080287867474719,24.66057922557513,0.1126896081921402,,,0.0
U000152,MKT_H,2025-03-24,1,0,3.193184327281708,26.543322449900483,0.082215542386813,,,0.0
U000153,MKT_E,2025-01-06,1,0,3.889348980112663,24.569900717485925,0.0959514440863095,,,0.0
U000153,MKT_E,2025-03-03,1,0,4.140128593387443,37.80522416519315,0.2499473190143443,,,0.0
U000154,MKT_D,2025-01-06,1,0,3.924738156625344,45.69875530892171,0.2833607068356045,,,0.0
U000154,MKT_G,2025-02-03,1,0,4.009129228831143,22.9422350338686,0.3492908861819598,,,0.0
U000154,MKT_B,2025-02-17,1,0,3.767505306871181,44.002754063609046,0.1467068598124553,,,0.0
U000155,MKT_B,2025-01-20,1,0,3.825332442278196,30.300063652022352,0.2782116990025234,,,0.0
U000155,MKT_H,2025-01-27,1,0,4.154174790902742,47.74930921445448,0.7108864797570985,,,0.0
U000155,MKT_A,2025-02-17,1,0,4.092978106098451,35.69764765442147,0.2464907590974247,,,0.0
U000156,MKT_C,2025-01-06,1,0,3.3377648488578244,16.188893025817947,0.0108737821471631,1.0,4.0,1.0
U000156,MKT_E,2025-01-20,1,0,4.2520431764087885,30.569277370489853,0.1826635429121175,1.0,4.0,1.0
U000156,MKT_H,2025-02-03,1,1,3.6763760574343873,41.669510285412706,0.0797558168469395,1.0,4.0,1.0
U000156,MKT_F,2025-02-17,1,0,3.455264615029969,34.6199087481814,0.2310580449930912,,,0.0
U000156,MKT_G,2025-02-17,1,0,3.604706030999724,27.496531945569465,0.2375831290977949,,,0.0
U000156,MKT_B,2025-03-10,1,0,4.2396087938479505,27.592651485482932,0.1954732296478864,,,0.0
U000156,MKT_G,2025-03-24,1,1,3.717085334067634,32.60306605309137,0.0645356897596631,,,0.0
U000157,MKT_B,2025-01-20,1,0,2.8901571922856895,50.47278618649157,0.2261934294019235,,,0.0
U000157,MKT_C,2025-03-03,1,0,3.4153429620690647,31.3473815434074,0.2616349892215253,,,0.0
U000157,MKT_F,2025-03-24,1,0,3.762954269522706,20.298405502429542,0.0770325070107146,,,0.0
U000158,MKT_G,2024-12-30,1,0,4.04717991716441,32.79474642093252,0.1807445637321499,0.0,4.0,0.0
U000158,MKT_D,2025-01-13,1,0,3.816086344992352,27.851359528323904,0.2164831409770177,0.0,4.0,0.0
U000158,MKT_E,2025-01-13,1,0,3.701950078007391,33.5562432732419,0.2442661356555259,0.0,4.0,0.0
U000158,MKT_H,2025-01-13,1,0,3.8695340612658,30.16571525377942,0.2875115262015648,,,0.0
U000158,MKT_C,2025-03-10,1,0,3.879120710167028,36.50063995761253,0.0486090982643005,,,0.0
U000158,MKT_F,2025-03-17,1,0,4.2827512610954575,16.476278981408882,0.1675577806767933,,,0.0
U000158,MKT_H,2025-03-31,1,0,3.8577959281466727,45.36630094694615,0.1081057876384418,,,0.0
U000159,MKT_B,2024-12-30,1,0,3.7176253000530175,35.73681523045111,0.0345934620206017,,,0.0
U000159,MKT_E,2024-12-30,1,0,3.627315878816843,41.95055534342181,0.3209943189123321,,,0.0
U000159,MKT_D,2025-03-03,1,0,3.7135378022461,44.110999993889045,0.175494623621837,,,0.0
U000159,MKT_E,2025-03-24,1,1,3.837607462297758,28.01619213413126,0.2035695513324033,,,0.0
U000160,MKT_G,2025-01-20,1,0,3.259294272405342,46.0138889934888,0.1819100817691196,,,0.0
U000161,MKT_H,2025-01-13,1,0,3.858877125656048,16.375056405795668,0.3705950304578136,,,0.0
U000161,MKT_A,2025-01-20,1,0,4.032301233286678,35.85165360321,0.2718716463849246,,,0.0
U000161,MKT_H,2025-03-24,1,0,3.693184640086169,26.408852375835934,0.1012408363442938,,,0.0
U000162,MKT_E,2025-01-27,1,0,4.2444961305006705,36.3213377882726,0.2481000560331471,,,0.0
U000162,MKT_A,2025-03-24,1,0,3.677223069490627,37.80095345541967,0.2985138952640193,,,0.0
U000163,MKT_B,2024-12-30,1,0,3.760582007163342,44.17048401460664,0.1825280517127046,0.0,4.0,0.0
U000163,MKT_F,2025-01-20,1,0,3.825593211268642,22.4329528244092,0.2272408162440643,,,0.0
U000163,MKT_D,2025-02-03,1,0,3.836524574024546,20.237434454908172,0.1996041134805912,,,0.0
U000163,MKT_G,2025-03-03,1,0,3.9117758406425143,30.857512348643628,0.2234097104894101,,,0.0
U000163,MKT_D,2025-03-24,1,0,3.978954602521826,25.257813400558724,0.5789638757505835,,,0.0
U000164,MKT_H,2025-01-06,1,0,3.810098727694246,32.738797147784396,0.289730545649657,0.0,4.0,0.0
U000164,MKT_D,2025-02-17,1,0,3.812176046043068,20.637617578684505,0.3780798650968191,,,0.0
U000164,MKT_H,2025-02-24,1,0,3.3703204857549323,39.58408500456475,0.4094397006435122,,,0.0
U000164,MKT_C,2025-03-17,1,0,4.208933959024353,38.843064121597465,0.3525206491068375,,,0.0
U000164,MKT_B,2025-03-24,1,0,3.758776824855115,11.8220599766216,0.0206808209317191,,,0.0
U000165,MKT_C,2025-03-03,1,0,4.1942527019370495,42.037841752447584,0.2026098701745636,,,0.0
U000165,MKT_E,2025-03-03,1,0,4.0159900651202145,44.0601464614939,0.5445601636219517,,,0.0
U000165,MKT_A,2025-03-24,1,0,3.729109864908575,22.61190667599405,0.1114977394390967,,,0.0
U000166,MKT_C,2025-01-27,1,0,4.013951589250763,36.099893298531455,0.2935653049663326,,,0.0
U000167,MKT_A,2025-01-27,1,0,4.037337820675271,27.738701079062032,0.3316545720669461,,,0.0
U000167,MKT_B,2025-01-27,1,0,3.975777496319709,23.73863034302226,0.2526323979345748,,,0.0
U000168,MKT_A,2025-02-03,1,0,4.388241926020231,34.59780577026628,0.3550326308705325,,,0.0
U000168,MKT_G,2025-03-10,1,0,3.3722939583029294,30.540278189769023,0.1960692773541749,,,0.0
U000169,MKT_E,2025-02-03,1,0,4.0952004718285115,19.720974085914015,0.0497185945977882,,,0.0
U000169,MKT_H,2025-03-17,1,0,3.894034122921441,33.905092434391236,0.3645556819460513,,,0.0
U000170,MKT_A,2024-12-30,1,0,4.008163857884562,38.59815382377974,0.1326129001187761,,,0.0
U000170,MKT_C,2025-03-03,1,0,3.833729993621243,38.33587891199642,0.1961482808953644,,,0.0
U000171,MKT_H,2025-01-06,1,0,3.779730515377279,29.923667580496307,0.1758380852444948,,,0.0
U000171,MKT_B,2025-01-13,1,0,3.603782435301456,37.307097142054666,0.2363299809989279,,,0.0
U000171,MKT_H,2025-02-17,1,0,3.948050460170907,28.255085360028847,0.2127284787230148,,,0.0
U000171,MKT_A,2025-03-24,1,0,3.579604777590006,32.91036614746264,0.3608639018616066,,,0.0
U000172,MKT_F,2025-02-03,1,0,3.4230315452143016,31.080518697054995,0.2662267181025591,,,0.0
U000172,MKT_C,2025-02-24,1,0,3.326428555878128,43.957806702369645,0.1853255855903489,,,0.0
U000172,MKT_C,2025-03-03,1,0,4.12356306308185,20.07565979585341,0.1817174943223859,,,0.0
U000172,MKT_E,2025-03-24,1,0,4.023070719110924,38.29861708257862,0.2865612832062378,,,0.0
U000173,MKT_B,2025-01-06,1,0,3.8247162839701176,34.2997929776631,0.2070422864252388,0.0,4.0,0.0
U000173,MKT_E,2025-02-17,1,0,3.7970147696745897,18.217590507127927,0.4641487386804501,0.0,4.0,0.0
U000173,MKT_F,2025-02-17,1,0,3.797767868253844,24.944876270990292,0.1724756293248379,,,0.0
U000173,MKT_H,2025-02-17,1,0,4.125063062548514,24.77126019815096,0.1858737357652184,,,0.0
U000173,MKT_H,2025-02-24,1,0,4.020427846487373,37.905271133713725,0.139613506485958,,,0.0
U000173,MKT_A,2025-03-24,1,0,4.033552059254628,31.841618832039636,0.2591580897237635,,,0.0
U000174,MKT_G,2025-01-06,1,0,3.931682484191308,30.402766720724617,0.3003218420565521,0.0,4.0,0.0
U000174,MKT_G,2025-01-13,1,0,3.3736756672522454,37.715380585871934,0.3709054002144344,0.0,4.0,0.0
U000174,MKT_C,2025-01-20,1,0,3.417277086977625,34.09625224915382,0.0893361173533176,0.0,4.0,0.0
U000174,MKT_G,2025-01-27,1,0,3.8470495111546024,31.329965491803343,0.1032204148242857,0.0,4.0,0.0
U000174,MKT_E,2025-02-17,1,0,3.832379861682039,28.311770392631303,0.3003679992339157,,,0.0
U000174,MKT_H,2025-02-17,1,0,3.979573621628376,40.78253824305217,0.1876532480892113,,,0.0
U000174,MKT_H,2025-03-17,1,0,3.940482873654387,40.7678455414355,0.2627428677516734,,,0.0
U000174,MKT_F,2025-03-24,1,0,3.8029798587759527,39.90454906137499,0.3160821658239076,,,0.0
U000175,MKT_B,2025-01-27,1,0,3.8795640799495104,30.92642371943114,0.1811725589860402,,,0.0
U000176,MKT_B,2025-01-06,1,0,3.997538919845848,28.787604643233784,0.1626484984466626,,,0.0
U000176,MKT_E,2025-01-13,1,0,3.7036671639336194,31.548695172766255,0.1994306303000789,,,0.0
U000176,MKT_C,2025-02-17,1,0,3.443285546038742,44.91378862776149,0.2117520729538739,,,0.0
U000176,MKT_D,2025-03-10,1,0,3.901367410360135,37.74229815740832,0.023263838393342,,,0.0
U000177,MKT_B,2024-12-30,1,0,3.805408530579675,19.246527740918385,0.1879434261568355,,,0.0
U000177,MKT_H,2025-01-20,1,0,3.941165514762242,34.23177502029155,0.5486670941742962,,,0.0
U000177,MKT_D,2025-03-17,1,0,3.5627586370784687,35.41181723381943,0.061154220364862,,,0.0
U000178,MKT_D,2025-01-13,1,0,3.5438257873861634,32.441305726604,0.2573195524517381,,,0.0
U000178,MKT_H,2025-02-24,1,0,3.202845158644963,37.10557022567683,0.2547137578073456,,,0.0
U000178,MKT_E,2025-03-03,1,0,4.3631111447602695,25.23412912233743,0.2978920622666923,,,0.0
U000178,MKT_H,2025-03-03,1,0,3.493208644574644,35.21088350518277,0.3560015766658344,,,0.0
U000179,MKT_C,2025-01-13,1,0,3.709119599096383,31.732763211011815,0.1157381842951136,,,0.0
U000180,MKT_G,2025-02-03,1,0,4.261745505114764,24.654258326554235,0.148340586770883,,,0.0
U000181,MKT_H,2025-01-13,1,0,3.992115430650508,43.65559440128183,0.0857617623104931,,,0.0
U000181,MKT_F,2025-01-20,1,0,3.556981949157401,29.520515353649383,0.0361953841924169,,,0.0
U000181,MKT_A,2025-03-17,1,0,3.5909543864113207,34.949549184750836,0.1538333977125796,,,0.0
U000182,MKT_E,2025-01-13,1,0,4.091270020887616,37.60547462476878,0.3423866668302187,0.0,4.0,0.0
U000182,MKT_B,2025-02-03,1,0,4.045997882969552,18.147376948268377,0.1675841731520291,0.0,4.0,0.0
U000182,MKT_D,2025-02-10,1,0,4.086112935505401,15.95822395188586,0.2143267926023586,,,0.0
U000182,MKT_G,2025-02-17,1,0,4.042761423481155,41.36298539991766,0.133289515778127,,,0.0
U000182,MKT_A,2025-03-03,1,0,3.955531658508717,48.5305480813587,0.4750130293467022,,,0.0
U000182,MKT_B,2025-03-10,1,0,4.056050261790855,22.857332403201664,0.0596973819453081,,,0.0
U000183,MKT_C,2025-01-06,1,0,3.840772613645191,21.04336043353178,0.0880945878417006,,,0.0
U000183,MKT_F,2025-01-27,1,0,3.201466236817152,36.13011191797412,0.151276741612843,,,0.0
U000183,MKT_E,2025-02-17,1,0,3.862671348985923,29.585148079805663,0.0360216072249503,,,0.0
U000183,MKT_F,2025-02-17,1,0,3.5620618015336363,40.73651327821547,0.2314070449823485,,,0.0
U000184,MKT_B,2025-01-06,1,1,3.4152755629648217,28.624993098929934,0.1428735564898892,,,0.0
U000184,MKT_E,2025-01-27,1,0,3.5965394941175894,34.23424925885163,0.2012412454413646,,,0.0
U000184,MKT_G,2025-02-03,1,0,3.7858918161389457,16.105184162704603,0.2641846442303244,,,0.0
U000184,MKT_A,2025-02-17,1,0,3.968834812354342,43.03737051424764,0.0507217879938803,,,0.0
U000185,MKT_H,2025-01-13,1,0,3.923236902227274,35.34848070988828,0.3159419714398326,,,0.0
U000185,MKT_H,2025-01-27,1,0,3.71136631487973,34.483697919091945,0.1396726032082089,,,0.0
U000186,MKT_G,2025-01-27,1,0,3.795826939694096,38.923149039672424,0.4392213151598121,,,0.0
U000186,MKT_F,2025-02-17,1,0,4.020876687524984,43.13299266971847,0.3478184259193824,,,0.0
U000186,MKT_E,2025-03-24,1,0,3.8936996929874743,36.20626376401724,0.1393896695298768,,,0.0
U000186,MKT_B,2025-03-31,1,0,3.727056231493598,40.256469329448,0.3082731497084556,,,0.0
U000187,MKT_A,2025-01-13,1,0,3.868213884973705,37.427839079849605,0.2490812538207978,0.0,4.0,0.0
U000187,MKT_E,2025-01-13,1,0,4.02127210122437,28.065056661952276,0.2703911966451955,,,0.0
U000187,MKT_B,2025-01-20,1,0,3.1076268433320116,34.325755896339324,0.3041218715032676,,,0.0
U000187,MKT_A,2025-01-27,1,0,3.7927431471401856,33.62696634988896,0.1471089406365903,,,0.0
U000187,MKT_B,2025-02-24,1,0,3.716464963757768,19.547228981884775,0.2106336612710227,,,0.0
U000188,MKT_E,2025-03-03,1,0,3.6081173395365727,46.727398543226755,0.2558316333416999,,,0.0
U000188,MKT_B,2025-03-31,1,0,3.7726859923724296,36.809887043304855,0.1288557547506034,,,0.0
U000191,MKT_D,2024-12-30,1,0,4.063255442740822,25.815202332307223,0.2263989689090693,1.0,4.0,1.0
U000191,MKT_D,2025-01-20,1,1,4.092506722724757,34.420224276880944,0.3452544904459613,0.0,4.0,0.0
U000191,MKT_E,2025-01-27,1,0,3.3808158943914464,24.07553532475314,0.0460427446327963,0.0,4.0,0.0
U000191,MKT_A,2025-02-10,1,0,3.7673207947173215,49.39886913083669,0.4431162178054482,,,0.0
U000191,MKT_G,2025-02-10,1,0,3.834154558109989,20.424269907923556,0.0930350886501682,,,0.0
U000191,MKT_G,2025-03-03,1,0,4.070921998694541,32.69669623143162,0.429058599950522,,,0.0
U000191,MKT_G,2025-03-17,1,0,4.030732993898297,33.47036470844924,0.3625727874074655,,,0.0
U000192,MKT_C,2024-12-30,1,0,4.146355311299183,34.93077929920138,0.089254695386047,,,0.0
U000192,MKT_C,2025-02-17,1,0,4.169756565266497,32.899593094780975,0.1292030827539315,,,0.0
U000193,MKT_D,2025-01-13,1,0,4.013762149760078,48.06922607361649,0.1869205870819213,1.0,4.0,1.0
U000193,MKT_A,2025-01-20,1,0,3.618483805654837,28.05108494492445,0.1427989576532018,1.0,4.0,1.0
U000193,MKT_C,2025-01-27,1,0,3.981615623173394,33.48664154337224,0.1785278736494267,,,0.0
U000193,MKT_D,2025-01-27,1,0,3.49211871868067,39.91987070692398,0.0945445715607239,,,0.0
U000193,MKT_D,2025-03-03,1,1,4.082308895618389,36.587135230560264,0.1042906916174947,,,0.0
U000193,MKT_F,2025-03-24,1,0,4.059198081052995,31.595334840482913,0.163112569580517,,,0.0
U000194,MKT_G,2025-01-13,1,0,3.733628791669599,22.522942339549857,0.1944920363964333,0.0,4.0,0.0
U000194,MKT_F,2025-02-24,1,0,3.63379906646866,38.2808118600309,0.2243804053235043,,,0.0
U000194,MKT_E,2025-03-17,1,0,4.078040764099884,21.39525561065808,0.131188536759122,,,0.0
U000194,MKT_F,2025-03-17,1,0,3.928246224518266,43.02203244057017,0.4107605953495604,,,0.0
U000194,MKT_G,2025-03-24,1,0,3.1353146022334206,17.49939721126212,0.3294566387392135,,,0.0
U000195,MKT_B,2025-01-20,1,0,3.526912489544608,39.12577242212886,0.3374927236518453,,,0.0
U000195,MKT_E,2025-02-24,1,0,3.5288583351509764,32.19485198101721,0.0736447411839408,,,0.0
U000195,MKT_F,2025-03-03,1,0,4.239959487734892,29.943924877471797,0.2772882102897038,,,0.0
U000195,MKT_E,2025-03-24,1,0,3.956040153260284,44.11781323355714,0.1169559587340491,,,0.0
U000196,MKT_D,2024-12-30,1,0,3.5271441322972814,25.145828052074872,0.2684520993029212,,,0.0
U000196,MKT_C,2025-01-06,1,0,3.928815975705345,38.89185945257712,0.2881066590696097,,,0.0
U000197,MKT_E,2025-01-06,1,0,3.976003041742737,20.8509027090835,0.1933324110854843,,,0.0
U000197,MKT_B,2025-03-03,1,0,4.158364887050298,36.307392257933486,0.2303012494473658,,,0.0
U000197,MKT_H,2025-03-10,1,0,3.631924712245836,30.186835245629194,0.0493017339135482,,,0.0
U000198,MKT_G,2025-01-06,1,0,3.0686068073521997,37.33038705371042,0.2285004080683472,,,0.0
U000198,MKT_B,2025-01-13,1,0,3.958199831726249,37.74741045258865,0.1027967759140803,,,0.0
U000198,MKT_C,2025-01-27,1,0,3.5830098314009136,18.557110692017048,0.2566254945089332,,,0.0
U000199,MKT_C,2024-12-30,1,0,3.951342414923354,18.603022908487898,0.0250431563149054,,,0.0
U000199,MKT_D,2024-12-30,1,0,3.6812377784177865,42.21044153891419,0.3553378288415705,,,0.0
U000199,MKT_H,2025-01-20,1,0,3.2509505295780055,30.065655481425853,0.0604352579469141,,,0.0
U000199,MKT_E,2025-03-03,1,0,3.8360995387018946,33.95916451285399,0.2885515135866175,,,0.0
U000200,MKT_C,2025-02-10,1,0,3.692904084894571,31.135076174778305,0.1514697968211242,,,0.0
U000200,MKT_E,2025-02-17,1,0,3.8822934666764857,34.71293789371124,0.2227008912290861,,,0.0
U000200,MKT_C,2025-03-17,1,0,3.830326077175456,16.720909851908395,0.1695359292240238,,,0.0
U000200,MKT_D,2025-03-17,1,0,4.247188444785987,35.60865847980465,0.2711808190338016,,,0.0
U000201,MKT_H,2025-01-20,1,0,3.8999511180231945,25.1637276244153,0.1747151321797683,,,0.0
U000201,MKT_A,2025-02-17,1,0,3.349474721563575,32.18438419124913,0.0768347931703133,,,0.0
U000201,MKT_H,2025-03-17,1,0,3.689553750246306,33.39404289535448,0.3190051686869401,,,0.0
U000202,MKT_D,2025-01-13,1,0,3.97182460618901,34.113833722063966,0.2319143939602709,,,0.0
U000202,MKT_C,2025-02-03,1,0,3.666625104900619,24.488710259393464,0.2600857211421991,,,0.0
U000202,MKT_F,2025-02-10,1,0,3.9616301092743793,20.783489462214835,0.2195754540876046,,,0.0
U000202,MKT_G,2025-02-17,1,0,4.061963584186736,19.18418166514664,0.1426283649624473,,,0.0
U000203,MKT_D,2024-12-30,1,0,4.05990324724012,31.17387163806437,0.181605698315841,,,0.0
U000203,MKT_A,2025-02-17,1,0,3.4728745330464355,34.69738380518653,0.2231310053837841,,,0.0
U000203,MKT_A,2025-03-03,1,0,3.901423502919267,29.292293556912895,0.3452606912034083,,,0.0
U000203,MKT_D,2025-03-17,1,0,3.941759117135112,39.91055510678582,0.3287530225809217,,,0.0
U000204,MKT_E,2025-03-03,1,0,4.053119671141317,36.74624936033459,0.4692447682194005,,,0.0
U000205,MKT_G,2025-01-20,1,0,4.008880347628387,19.75104735939454,0.0704063189169628,,,0.0
U000205,MKT_A,2025-02-17,1,0,4.030991289492047,35.61616224134609,0.0484283741696787,,,0.0
U000205,MKT_E,2025-02-17,1,0,4.044857259090027,19.66968352320416,0.2267435767758622,,,0.0
U000205,MKT_A,2025-03-10,1,0,4.034476326202871,8.0,0.3725551306509255,,,0.0
U000206,MKT_E,2025-01-13,1,0,4.209840434987083,25.58535246546084,0.1481811105251658,,,0.0
U000206,MKT_H,2025-01-20,1,1,4.028800677536949,26.639570252849374,0.2633305054685192,,,0.0
U000206,MKT_C,2025-03-10,1,0,3.436568632924709,35.904887258319114,0.4263381908575013,,,0.0
U000206,MKT_E,2025-03-17,1,0,3.5471386850522992,30.41041675203018,0.2967421430457325,,,0.0
U000207,MKT_F,2025-03-10,1,0,3.5725119635331293,31.501030957738227,0.0982644059258428,,,0.0
U000207,MKT_G,2025-03-10,1,0,3.7119479776661417,32.71331413409336,0.1313827363608032,,,0.0
U000208,MKT_D,2025-01-06,1,0,3.7403571316228534,27.632419117055548,0.2736911721935632,0.0,4.0,0.0
U000208,MKT_F,2025-01-27,1,0,3.7318676503755865,33.84379227527192,0.072598003155321,1.0,4.0,1.0
U000208,MKT_H,2025-01-27,1,0,4.365556432133498,42.00755564099304,0.1185026068740127,1.0,4.0,1.0
U000208,MKT_A,2025-02-03,1,0,3.8251801018018408,52.28059264457296,0.1624122309943539,,,0.0
U000208,MKT_F,2025-02-17,1,0,3.86474454592557,12.132953324243104,0.531615317546614,,,0.0
U000208,MKT_B,2025-02-24,1,1,3.4687384994242434,27.42802463964468,0.1971810825968425,,,0.0
U000208,MKT_A,2025-03-17,1,0,3.744640246766193,30.64195613538627,0.1117960314690187,,,0.0
U000209,MKT_B,2025-01-20,1,0,3.8583637792496135,35.15903234036152,0.1705200057479992,0.0,4.0,0.0
U000209,MKT_E,2025-02-03,1,0,3.736438773701275,43.61944966981888,0.3050449460207262,0.0,4.0,0.0
U000209,MKT_F,2025-02-03,1,0,3.7806145251139633,26.551165282850768,0.2547631569844736,,,0.0
U000209,MKT_C,2025-02-17,1,0,3.821277231121529,31.216119143058247,0.1726878333498152,,,0.0
U000209,MKT_H,2025-03-10,1,0,4.071340585025907,37.18001956848574,0.3465362434053752,,,0.0
U000209,MKT_C,2025-03-17,1,0,3.9599101325183153,27.705765378633046,0.2891776920345527,,,0.0
U000210,MKT_F,2024-12-30,1,1,3.970364756417533,28.72589085215569,0.1014240477024082,,,0.0
U000210,MKT_E,2025-01-06,1,0,4.128214969533758,33.22823061857047,0.1256865311657532,,,0.0
U000210,MKT_F,2025-01-13,1,0,3.883593184236554,33.2047736946553,0.3318791221190782,,,0.0
U000210,MKT_G,2025-02-03,1,0,4.263847025063828,38.06280515046818,0.0361401298388481,,,0.0
U000211,MKT_E,2025-01-06,1,0,3.63591263709952,21.030715339595808,0.2682592359806378,0.0,4.0,0.0
U000211,MKT_C,2025-01-27,1,0,4.2895510628510305,39.441579414630354,0.0749167041509033,0.0,4.0,0.0
U000211,MKT_C,2025-02-17,1,0,3.4975404783360435,22.76271346761766,0.3076682927941712,0.0,4.0,0.0
U000211,MKT_G,2025-02-17,1,0,3.912461319031834,24.67672034606464,0.1379213053445663,0.0,4.0,0.0
U000211,MKT_C,2025-02-24,1,0,4.10165123660948,42.96941439030658,0.263025094175306,0.0,4.0,0.0
U000211,MKT_C,2025-03-10,1,0,3.5101687938441755,42.712447621933784,0.1917972190452747,,,0.0
U000211,MKT_E,2025-03-10,1,0,4.068337765000298,22.475769149737324,0.4081604573492232,,,0.0
U000211,MKT_C,2025-03-17,1,0,3.4480860268632703,37.13789180588614,0.3156840793926243,,,0.0
U000211,MKT_G,2025-03-24,1,0,3.6707430144668822,29.04724590504732,0.0458638782942135,,,0.0
U000212,MKT_H,2025-01-06,1,0,3.896369908199335,20.74050528028156,0.1015720056721702,0.0,4.0,0.0
U000212,MKT_D,2025-01-13,1,0,4.045445785736142,27.446446903160897,0.2477696154548415,,,0.0
U000212,MKT_H,2025-01-13,1,0,3.9309384409914134,28.724023790315908,0.1763259038885072,,,0.0
U000212,MKT_C,2025-03-03,1,0,3.7205370105799567,27.826552845036705,0.4645830752193242,,,0.0
U000212,MKT_A,2025-03-24,1,0,3.566516259159185,36.73632242531409,0.1612296894153193,,,0.0
U000213,MKT_E,2025-02-03,1,0,3.937002427121894,15.20097869657816,0.1923600297406411,,,0.0
U000214,MKT_A,2024-12-30,1,0,3.9035420404530177,27.08997741829817,0.1046353769673826,0.0,4.0,0.0
U000214,MKT_E,2025-01-06,1,0,3.428904067944055,28.882712312195583,0.2418568775373445,,,0.0
U000214,MKT_A,2025-01-27,1,0,3.920369182486123,23.06888747606983,0.0699357071488427,,,0.0
U000214,MKT_C,2025-03-03,1,0,3.694102866952635,34.939171587131575,0.0965021714033919,,,0.0
U000214,MKT_H,2025-03-24,1,0,4.013560780467227,26.676616801836197,0.1443732125499224,,,0.0
U000215,MKT_G,2025-01-06,1,0,4.026976645737146,27.950675094718736,0.0850711988265528,0.0,4.0,0.0
U000215,MKT_H,2025-01-13,1,0,3.7924469533898386,21.4813643892623,0.3634682942971689,,,0.0
U000215,MKT_D,2025-02-03,1,0,3.920931925729025,52.47707427013819,0.1879273239848652,,,0.0
U000215,MKT_E,2025-02-17,1,0,3.8751356498038656,35.3560898437465,0.2343346762087987,,,0.0
U000215,MKT_G,2025-02-24,1,0,3.278484817079235,31.585584040862145,0.0799216574983002,,,0.0
U000216,MKT_A,2025-02-10,1,0,3.958461069834801,22.90521314518162,0.0578490428074464,,,0.0
U000217,MKT_A,2025-01-27,1,0,3.5137628714409668,35.32333171952284,0.2008799964953218,,,0.0
U000217,MKT_E,2025-03-24,1,0,4.205691949462225,27.272078243354763,0.1107157366909835,,,0.0
U000218,MKT_C,2025-03-17,1,0,3.9780004378532623,27.363149353402456,0.194850722322488,,,0.0
U000219,MKT_A,2024-12-30,1,0,3.9846943780017408,27.20741097817667,0.2018655756001686,,,0.0
U000219,MKT_A,2025-01-27,1,1,3.728868428039485,17.754125015705426,0.086077614071588,,,0.0
U000219,MKT_E,2025-01-27,1,0,3.7722254287454,17.087781924824093,0.489668310835251,,,0.0
U000219,MKT_A,2025-03-03,1,0,3.8919771129526,41.4371658699072,0.4571528638966993,,,0.0
U000220,MKT_C,2024-12-30,1,0,3.8903283078148423,26.534431567371836,0.3190122622755543,,,0.0
U000220,MKT_H,2025-01-06,1,0,3.7548906605798433,30.099221395274338,0.2436088736341049,,,0.0
U000220,MKT_F,2025-03-03,1,0,3.799774061014859,38.83566654050882,0.3078317462882826,,,0.0
U000221,MKT_A,2025-01-06,1,0,4.112302909438195,35.9205286855663,0.1853855372073383,,,0.0
U000221,MKT_F,2025-03-17,1,0,4.097619895544143,38.24844649972025,0.1130996091452672,,,0.0
U000221,MKT_E,2025-03-24,1,0,3.9074365964168982,9.68388377316139,0.0692220414166989,,,0.0
U000222,MKT_C,2025-01-13,1,0,4.134331481255919,38.666821664159315,0.0578150515910907,,,0.0
U000222,MKT_B,2025-02-24,1,0,3.661629395582487,30.03076226717009,0.1275516521189821,,,0.0
U000222,MKT_A,2025-03-17,1,0,3.949200886416554,33.1153253109338,0.2603593644433833,,,0.0
U000223,MKT_A,2025-03-10,1,0,3.5265879169483725,28.04470747278123,0.1533183551581443,,,0.0
U000224,MKT_A,2025-01-06,2,0,3.724593499830685,28.26449888123932,0.2840911596854175,,,0.0
U000224,MKT_B,2025-02-24,1,0,3.965222231346623,32.18840273637309,0.213877699396408,,,0.0
U000224,MKT_H,2025-02-24,1,0,3.48116565886533,39.43282393454359,0.0848112666880667,,,0.0
U000224,MKT_B,2025-03-24,1,0,3.7210904382508385,44.07022135440766,0.2019942542781437,,,0.0
U000225,MKT_B,2025-01-06,1,0,3.794545681657523,19.3711058547386,0.1781784366167615,,,0.0
U000225,MKT_D,2025-01-06,1,0,3.879689976021474,21.282252209837036,0.1842044734126774,,,0.0
U000225,MKT_A,2025-01-27,1,0,4.05656603830313,41.27661909652296,0.2471661621909608,,,0.0
U000225,MKT_F,2025-01-27,1,0,4.138759327577262,38.871215477233214,0.1624577835277403,,,0.0
U000226,MKT_G,2025-01-13,1,0,4.245704404351116,34.147821057728216,0.3083240216737711,,,0.0
U000226,MKT_E,2025-02-17,1,0,3.559490582366774,38.5211517621855,0.3617980165125125,,,0.0
U000226,MKT_D,2025-03-10,1,0,3.995885583744041,37.692027142636555,0.2088444862858854,,,0.0
U000227,MKT_F,2025-01-06,1,0,4.186756346099833,37.53596232039656,0.2690473792375845,,,0.0
U000227,MKT_G,2025-02-03,1,0,3.8370253984908502,35.403678841970404,0.1662054511880037,,,0.0
U000227,MKT_E,2025-02-24,1,0,3.9090244450090847,36.337626310858965,0.20157600220809,,,0.0
U000228,MKT_C,2025-01-13,1,0,3.934348427213121,26.49895145650416,0.3517085158173088,0.0,4.0,0.0
U000228,MKT_C,2025-01-27,1,0,3.8869704374468994,36.74114598352389,0.3111734860268573,0.0,4.0,0.0
U000228,MKT_H,2025-02-17,1,0,3.4330097590442117,34.77628211695592,0.1734379894496105,,,0.0
U000228,MKT_G,2025-02-24,1,0,2.986162319505226,28.98170490514965,0.1027488366664175,,,0.0
U000228,MKT_H,2025-03-10,1,0,3.9267338742982982,53.50480339616098,0.2589866880876609,,,0.0
U000228,MKT_F,2025-03-24,1,0,3.5085089221639163,35.35130909972772,0.2365719374245801,,,0.0
U000229,MKT_H,2025-01-20,1,0,3.985589960745597,32.56495642777991,0.1347888291519685,,,0.0
U000229,MKT_H,2025-02-17,1,0,4.097781734853638,36.435429696695614,0.1679033015966645,,,0.0
U000230,MKT_A,2025-01-27,1,0,4.008188408036814,38.62029984011151,0.1483199382649193,0.0,4.0,0.0
U000230,MKT_D,2025-02-03,1,0,3.920386620963886,31.926269778896195,0.2353602982562635,0.0,4.0,0.0
U000230,MKT_C,2025-02-24,1,0,3.9659168855972937,35.633936976838655,0.1178497041814495,,,0.0
U000230,MKT_D,2025-02-24,1,0,3.563491727559331,54.18253925524584,0.1392848458017542,,,0.0
U000230,MKT_A,2025-03-10,1,0,3.6829652821513807,33.56210133333373,0.315649298998115,,,0.0
U000230,MKT_G,2025-03-17,1,0,3.8722424216441262,23.19499022434848,0.2281361521639845,,,0.0
U000231,MKT_F,2025-02-03,1,0,3.272896641293104,37.99182665165699,0.0261046562367889,,,0.0
U000231,MKT_F,2025-02-24,1,0,3.174236048343946,38.857332111043775,0.2126661453060766,,,0.0
U000231,MKT_H,2025-02-24,1,0,3.881341939397306,31.207987318396302,0.4679625798692579,,,0.0
U000231,MKT_F,2025-03-24,1,0,3.91468722562324,34.67798554396934,0.5106449313724288,,,0.0
U000232,MKT_D,2025-01-13,1,0,3.8106651062502337,28.245328366930917,0.4191904997533967,,,0.0
U000233,MKT_B,2025-01-27,1,0,4.079588288314616,18.163756945405144,0.0798886088330816,,,0.0
U000233,MKT_F,2025-01-27,1,0,3.227189626054657,34.35669619887549,0.1102385143599262,,,0.0
U000233,MKT_G,2025-03-03,1,1,3.619897985950803,31.479655352915255,0.1919986405340234,,,0.0
U000233,MKT_E,2025-03-24,1,0,4.171500204239224,30.01308449677445,0.3355090039530334,,,0.0
U000234,MKT_A,2025-01-06,1,0,4.223073537965824,36.25538685114139,0.1084592934213761,,,0.0
U000234,MKT_D,2025-01-13,1,0,4.081939536002033,34.07953990884926,0.2000094601617873,,,0.0
U000234,MKT_A,2025-01-27,1,0,3.9274447077174695,40.94682088985567,0.2214935104560759,,,0.0
U000234,MKT_F,2025-02-24,1,0,3.9825092926350383,14.81144834091796,0.3200165595485448,,,0.0
U000236,MKT_C,2024-12-30,1,0,3.976568249600872,15.5475749686358,0.1212831974768259,,,0.0
U000236,MKT_F,2025-01-13,1,0,3.2087793897314896,39.69819641476795,0.3655691096650505,,,0.0
U000236,MKT_E,2025-03-24,1,0,3.64453330548003,38.79864221956103,0.1309912546193028,,,0.0
U000237,MKT_B,2025-01-06,1,0,3.416057712672074,25.85203326344233,0.1893818003189193,,,0.0
U000237,MKT_E,2025-03-17,1,0,3.592001714166646,39.72524914265128,0.2640224854921165,,,0.0
U000238,MKT_H,2024-12-30,1,0,3.5168811926185386,35.74532888361679,0.1770016700708541,0.0,4.0,0.0
U000238,MKT_H,2025-01-20,1,0,4.038385654892026,43.57788506689907,0.1111742529989509,1.0,4.0,1.0
U000238,MKT_G,2025-01-27,1,0,4.058985418615848,26.264008747253023,0.3722922203020354,,,0.0
U000238,MKT_C,2025-02-24,1,0,3.6142830056485824,35.96108249831877,0.2057716073482013,,,0.0
U000238,MKT_E,2025-02-24,1,0,3.8440837065374143,43.817570402377235,0.1450424527348691,,,0.0
U000238,MKT_H,2025-03-17,1,1,3.3778347152409314,31.38055705430539,0.2329853967403836,,,0.0
U000239,MKT_C,2025-02-17,1,0,3.498984273083264,25.284883713486217,0.3394045729950254,,,0.0
U000239,MKT_C,2025-03-03,1,0,3.928152392134962,34.73843036470399,0.1858197681660373,,,0.0
U000240,MKT_E,2025-03-17,1,0,4.111992450487633,29.85195430063292,0.3326645641700307,,,0.0
U000241,MKT_D,2025-01-06,1,0,3.924953743229361,43.72159896477688,0.2997479055758226,,,0.0
U000241,MKT_F,2025-01-27,2,0,4.343723591754689,29.59055527543838,0.17064029748614115,,,0.0
U000241,MKT_F,2025-02-17,1,0,4.18774473300318,39.73734055131627,0.2821940665498644,,,0.0
U000241,MKT_A,2025-03-10,1,1,3.6933988093270504,32.013876999429186,0.1172794969735765,,,0.0
U000242,MKT_H,2025-01-06,1,0,4.284725773683696,21.42018859853993,0.2863029181477307,,,0.0
U000242,MKT_D,2025-02-10,1,0,3.7387164837305167,22.25916008600179,0.1890220773777143,,,0.0
U000242,MKT_C,2025-03-24,1,0,3.842313261100032,35.98611503147884,0.3282246703280711,,,0.0
U000243,MKT_G,2025-02-03,1,0,4.052305926036226,34.324849468056115,0.227261924227969,,,0.0
U000243,MKT_B,2025-02-17,1,0,3.5585106991911344,20.216067246261236,0.5042777991764543,,,0.0
U000243,MKT_F,2025-02-17,1,0,4.01511994595764,29.073819887731485,0.1338598673748755,,,0.0
U000243,MKT_G,2025-03-17,1,0,4.083312619718744,32.65080616854929,0.0487207337568824,,,0.0
U000244,MKT_G,2025-01-13,1,0,4.008868347872429,26.027080453527724,0.1529160755652346,,,0.0
U000244,MKT_A,2025-02-24,1,0,4.006085840981639,25.092091952848953,0.2729253680325599,,,0.0
U000244,MKT_C,2025-03-03,1,0,3.8602304101889366,42.9273823924504,0.1726592865655772,,,0.0
U000245,MKT_F,2025-01-13,1,0,4.062096042907991,18.119986860623833,0.1530794022345488,,,0.0
U000245,MKT_G,2025-01-27,1,0,3.884711885907032,34.966961627296755,0.2162092289402183,,,0.0
U000246,MKT_F,2025-02-24,1,0,3.7443462285147344,15.604479271992096,0.0842365619006863,,,0.0
U000246,MKT_D,2025-03-24,1,0,3.873527274771084,25.97082751758427,0.218869485772193,,,0.0
U000247,MKT_B,2025-01-06,1,1,4.054798879041059,26.978683075339845,0.2379426097139917,,,0.0
U000247,MKT_H,2025-01-06,1,0,3.847887429909388,35.37142759548382,0.1550742538969964,,,0.0
U000247,MKT_D,2025-01-13,1,0,4.212379547855295,46.498138049079536,0.3942884602765929,,,0.0
U000248,MKT_E,2024-12-30,1,0,3.536834451737622,21.176337337115545,0.3290236064204064,,,0.0
U000248,MKT_F,2025-01-27,1,1,3.8275994873501378,18.32185688320432,0.154656080815754,,,0.0
U000248,MKT_F,2025-03-24,1,0,3.981667285605285,26.363915473443544,0.4715787633902595,,,0.0
U000249,MKT_D,2024-12-30,1,0,3.784012981798412,23.830598704183934,0.1038098272978948,,,0.0
U000249,MKT_F,2025-01-06,1,0,3.17513126974974,32.651755565122755,0.3707215384944823,,,0.0
U000249,MKT_B,2025-01-13,1,0,3.863203352817417,30.913748827470183,0.2569381235070521,,,0.0
U000249,MKT_A,2025-02-17,1,0,3.7211815964861423,32.1179489372079,0.2987878107192774,,,0.0
U000250,MKT_E,2025-02-03,1,0,3.879179154791776,36.15437168470095,0.0268784590937755,,,0.0
U000250,MKT_G,2025-02-24,1,0,3.902217495233064,30.21301572331691,0.065749597018472,,,0.0
U000250,MKT_D,2025-03-10,1,0,3.989234016185446,28.670436159889487,0.3286710398286638,,,0.0
U000252,MKT_E,2025-01-06,1,0,3.9871663090668066,29.229784407543097,0.2429813860230913,0.0,4.0,0.0
U000252,MKT_F,2025-01-20,1,0,4.007925636852194,31.48690802799206,0.1090905833796183,1.0,4.0,1.0
U000252,MKT_A,2025-01-27,1,0,3.9587837223352698,24.332723163476,0.306592905825747,,,0.0
U000252,MKT_E,2025-01-27,1,0,3.757048810206721,31.05328064027168,0.2806657018663325,,,0.0
U000252,MKT_E,2025-02-10,1,0,3.7477732482794,31.414725426063693,0.1809195950504129,,,0.0
U000252,MKT_D,2025-03-17,1,1,3.908229094267519,37.476038799714885,0.0726878108195921,,,0.0
U000253,MKT_B,2025-01-13,1,0,4.128575811981685,31.574514555463004,0.5736685129681804,,,0.0
U000253,MKT_A,2025-01-20,1,0,3.870336113275331,41.527144274492194,0.2442089232009134,,,0.0
U000253,MKT_G,2025-02-17,1,0,3.620000886597381,32.16255001137543,0.396218984867734,,,0.0
U000254,MKT_D,2025-01-06,1,0,3.736227441481439,32.36376885278907,0.2862033027285743,,,0.0
U000254,MKT_G,2025-02-17,1,0,4.006693583359435,38.35119866107918,0.396821780754038,,,0.0
U000255,MKT_G,2025-01-20,1,0,4.14716302842727,39.495226931974464,0.2614548663708559,0.0,4.0,0.0
U000255,MKT_E,2025-02-03,1,0,3.589630697306043,42.036811682561535,0.1338196838874692,,,0.0
U000255,MKT_H,2025-02-24,1,0,3.778399820612492,25.542459490645225,0.1965833399126487,,,0.0
U000255,MKT_C,2025-03-10,1,0,3.658790081635136,38.28036171725242,0.372667518047129,,,0.0
U000255,MKT_E,2025-03-24,1,0,4.142888867732562,27.980857417218083,0.1836701183981113,,,0.0
U000257,MKT_C,2024-12-30,1,0,3.467021577536944,35.435076693194446,0.0710994811759939,,,0.0
U000257,MKT_A,2025-02-24,2,1,3.959077672607426,29.063586831256522,0.27633400092522,,,0.0
U000258,MKT_C,2025-01-13,1,0,3.725032859396123,35.96240583125635,0.2900420635073587,0.0,4.0,0.0
U000258,MKT_E,2025-01-27,1,0,3.9357645378491655,28.448279998357688,0.3069084479382875,0.0,4.0,0.0
U000258,MKT_F,2025-01-27,1,0,4.117361576755312,30.02811264099325,0.2440945554623506,,,0.0
U000258,MKT_H,2025-01-27,1,0,3.8240752357055414,31.22129939884868,0.2375746500889175,,,0.0
U000258,MKT_D,2025-02-03,1,0,3.4367421662292075,41.312371725644475,0.3470020603319428,,,0.0
U000258,MKT_F,2025-02-17,1,0,3.686554171839453,25.69718256461992,0.1858696442311221,,,0.0
U000259,MKT_G,2025-01-27,1,1,3.817517611661782,31.88293088867347,0.3662873402244087,,,0.0
U000259,MKT_D,2025-02-03,1,0,3.449499912205603,36.35698670127827,0.2391377675605589,,,0.0
U000259,MKT_B,2025-02-24,1,0,3.83900895424895,42.97588818773534,0.280522983498369,,,0.0
U000259,MKT_B,2025-03-03,1,0,4.026739756081032,27.945051109012567,0.0806807628178968,,,0.0
U000260,MKT_D,2025-01-06,1,0,4.06838975308303,32.39856825701327,0.1272639271048924,,,0.0
U000260,MKT_A,2025-01-27,1,0,3.773942486794593,42.0658477416754,0.1770442165848472,,,0.0
U000260,MKT_A,2025-03-17,1,0,3.718031954608983,37.46827156219138,0.1131706411035215,,,0.0
U000261,MKT_G,2025-01-06,1,0,3.5843155588781057,24.304919343333097,0.3193277250572349,,,0.0
U000261,MKT_E,2025-01-20,1,0,3.4161653114805577,32.64309994456036,0.1244846415532386,,,0.0
U000261,MKT_F,2025-01-20,1,0,3.4346795904105156,34.99370645668103,0.2129763211618619,,,0.0
U000261,MKT_D,2025-03-24,1,0,3.88213116791939,35.716442207127045,0.2501662490154575,,,0.0
U000262,MKT_C,2025-01-06,1,0,3.817533676019029,39.32634097408821,0.1294678471724274,0.0,4.0,0.0
U000262,MKT_A,2025-01-13,1,0,4.0736982761892335,33.09204982275564,0.3239457795617501,0.0,4.0,0.0
U000262,MKT_C,2025-01-20,1,0,3.8431231239177586,36.76120708036871,0.1889564740400033,0.0,4.0,0.0
U000262,MKT_E,2025-02-24,1,0,3.816706430249032,23.426719456977395,0.3612410574824898,0.0,4.0,0.0
U000262,MKT_G,2025-03-10,1,0,4.181430444103576,27.31499153451379,0.3899429424178653,,,0.0
U000262,MKT_A,2025-03-17,1,0,3.9192806838073553,42.82282167559903,0.1037283975802908,,,0.0
U000262,MKT_A,2025-03-24,1,0,3.6169177082852,46.587707492690654,0.1357386335095735,,,0.0
U000262,MKT_D,2025-03-24,1,0,3.9393582355264183,31.51399933536348,0.0765550708248519,,,0.0
U000263,MKT_F,2025-02-03,1,0,3.68041306832004,38.225955077469635,0.2809722105473409,,,0.0
U000263,MKT_G,2025-03-17,1,0,3.3043740290812793,21.089592165517587,0.2998283615702728,,,0.0
U000265,MKT_E,2025-01-13,1,0,3.6808107045126817,14.99452226459286,0.2971779096228885,,,0.0
U000265,MKT_E,2025-03-03,1,0,4.027446099263489,31.5755757022162,0.620476339099601,,,0.0
U000265,MKT_E,2025-03-10,1,0,3.3427520667344823,31.63744416569518,0.1965117303204756,,,0.0
U000265,MKT_F,2025-03-24,1,1,3.6757962189253166,43.46371307983357,0.4912224736057235,,,0.0
U000266,MKT_B,2025-01-20,1,0,3.1741907746141935,39.578001894591694,0.1963627266297929,0.0,4.0,0.0
U000266,MKT_B,2025-02-03,1,0,3.9125676757102585,26.044048975021685,0.3471509538222354,,,0.0
U000266,MKT_H,2025-02-03,1,0,4.083543003987644,43.35145321642328,0.2527889041956604,,,0.0
U000266,MKT_B,2025-02-17,1,0,3.719126684781055,35.14883031169616,0.1431096090710643,,,0.0
U000266,MKT_F,2025-03-03,1,0,4.315468156411271,33.20691086532014,0.157207875709041,,,0.0
U000267,MKT_E,2024-12-30,1,0,3.996464139040308,30.831716812952408,0.2009089006669248,,,0.0
U000267,MKT_G,2025-02-03,1,0,3.5271446888644356,37.850090686710246,0.2496809477256605,,,0.0
U000267,MKT_D,2025-03-17,1,0,4.190700291079874,18.25947746542709,0.4137682429448027,,,0.0
